player_id,match_id,minutes_played,goals,assists,total_shots,xg,xa,shots_on_target,successful_dribbles,big_chances_missed,touches_opposition_box,touches,accurate_passes,accurate_passes_percent,chances_created,final_third_passes,accurate_crosses,accurate_crosses_percent,accurate_long_balls,accurate_long_balls_percent,tackles_won,interceptions,recoveries,blocks,clearances,headed_clearances,dribbled_past,duels_won,duels_lost,ground_duels_won,ground_duels_won_percent,aerial_duels_won,aerial_duels_won_percent,was_fouled,fouls_committed,saves,goals_conceded,xgot_faced,goals_prevented,sweeper_actions,gk_accurate_passes,gk_accurate_long_balls,dispossessed,high_claim,corners,saves_inside_box,offsides,successful_dribbles_percent,tackles_won_percent,xgot,tackles_attempted,tackles
21,25-26-friendly-arsenal-vs-milan,66,0,0,3,0.0,0.0,0,1,0,2,36,25,96.0,0.0,5,0,0.0,1,100.0,1,0,1,0,0,0,0,2,1,2,67.0,0,0.0,0,0,0,0,0.0,0.0,0,0,0,0,0,2,0,0,50.0,100.0,0.0,,1.0
24,25-26-friendly-arsenal-vs-milan,45,0,0,0,0.0,0.0,0,0,0,0,37,28,88.0,1.0,4,0,0.0,0,0.0,0,0,5,0,1,1,1,1,2,1,33.0,0,0.0,0,0,0,0,0.0,0.0,0,0,0,1,0,0,0,0,0.0,0.0,0.0,,1.0
16,25-26-friendly-arsenal-vs-milan,66,1,0,3,0.0,0.0,2,0,0,11,49,25,86.0,2.0,1,1,25.0,1,100.0,2,0,2,0,0,0,2,5,8,5,45.0,0,0.0,2,2,0,0,0.0,0.0,0,0,0,0,0,5,0,1,0.0,67.0,0.0,,3.0
7,25-26-friendly-arsenal-vs-milan,45,0,0,1,0.0,0.0,1,0,0,1,41,32,89.0,2.0,6,0,0.0,0,0.0,1,2,3,0,1,0,0,3,2,1,33.0,2,100.0,0,2,0,0,0.0,0.0,0,0,0,0,0,0,0,0,0.0,100.0,0.0,,1.0
9,25-26-friendly-arsenal-vs-milan,45,0,1,0,0.0,0.0,0,0,0,1,29,25,93.0,2.0,5,1,100.0,0,0.0,0,0,4,0,0,0,0,1,1,1,100.0,0,0.0,0,0,0,0,0.0,0.0,0,0,0,0,0,0,0,0,0.0,0.0,0.0,,1.0
6,25-26-friendly-arsenal-vs-milan,66,0,0,0,0.0,0.0,0,0,0,0,49,43,98.0,0.0,9,0,0.0,0,0.0,1,1,3,1,2,2,0,2,1,1,100.0,1,50.0,0,0,0,0,0.0,0.0,0,0,0,0,0,0,0,0,0.0,100.0,0.0,,1.0
17,25-26-friendly-arsenal-vs-milan,45,0,0,3,0.0,0.0,1,0,0,3,49,34,89.0,1.0,5,1,33.0,1,100.0,0,2,2,0,0,0,0,1,0,1,100.0,0,0.0,1,0,0,0,0.0,0.0,0,0,0,0,0,7,0,0,0.0,0.0,0.0,,0.0
30,25-26-friendly-arsenal-vs-milan,79,0,0,2,0.0,0.0,0,0,0,8,24,14,82.0,2.0,1,0,0.0,1,100.0,1,0,3,0,1,1,1,3,4,2,50.0,1,33.0,1,0,0,0,0.0,0.0,0,0,0,0,0,0,0,0,0.0,100.0,0.0,,1.0
20,25-26-friendly-arsenal-vs-milan,45,0,0,2,0.0,0.0,2,1,0,2,37,24,83.0,0.0,0,1,50.0,0,0.0,0,1,4,0,0,0,0,1,1,1,50.0,0,0.0,0,0,0,0,0.0,0.0,0,0,0,1,0,0,0,0,100.0,0.0,0.0,,0.0
12,25-26-friendly-arsenal-vs-milan,45,0,0,0,0.0,0.0,0,0,0,0,32,24,96.0,0.0,3,0,0.0,1,50.0,0,1,3,0,0,0,0,0,2,0,0.0,0,0.0,0,1,0,0,0.0,0.0,0,0,0,0,0,0,0,0,0.0,0.0,0.0,,0.0
10,25-26-friendly-arsenal-vs-milan,45,0,0,0,0.0,0.0,0,0,0,2,33,27,87.0,0.0,6,0,0.0,2,100.0,0,0,2,0,0,0,0,1,0,0,0.0,1,100.0,0,0,0,0,0.0,0.0,0,0,0,0,0,0,0,0,0.0,0.0,0.0,,0.0
15,25-26-friendly-arsenal-vs-milan,24,0,0,0,0.0,0.0,0,0,0,0,17,11,92.0,0.0,2,0,0.0,0,0.0,2,0,1,0,0,0,0,3,0,3,100.0,0,0.0,0,0,0,0,0.0,0.0,0,0,0,0,0,0,0,0,0.0,67.0,0.0,,3.0
25,25-26-friendly-arsenal-vs-milan,45,0,0,2,0.0,0.0,1,2,0,3,26,12,86.0,1.0,1,0,0.0,0,0.0,1,0,0,0,1,1,1,4,5,4,44.0,0,0.0,0,2,0,0,0.0,0.0,0,0,0,2,0,0,0,0,100.0,50.0,0.0,,2.0
2,25-26-friendly-arsenal-vs-milan,45,0,0,0,0.0,0.0,0,0,0,0,11,6,75.0,0.0,1,0,0.0,1,33.0,0,0,2,0,0,0,0,0,0,0,0.0,0,0.0,0,0,1,0,0.0,0.0,0,6,1,0,0,0,0,0,0.0,0.0,0.0,,0.0
11,25-26-friendly-arsenal-vs-milan,66,0,0,2,0.0,0.0,0,0,0,4,47,30,97.0,2.0,6,0,0.0,1,100.0,1,0,1,0,1,0,0,2,1,2,100.0,0,0.0,1,0,0,0,0.0,0.0,0,0,0,0,0,0,0,0,0.0,100.0,0.0,,1.0
26,25-26-friendly-arsenal-vs-milan,45,0,0,0,0.0,0.0,0,0,0,1,42,31,89.0,2.0,11,0,0.0,2,100.0,1,1,1,0,1,0,2,3,2,3,60.0,0,0.0,1,0,0,0,0.0,0.0,0,0,0,0,0,0,0,0,0.0,50.0,0.0,,2.0
19,25-26-friendly-arsenal-vs-milan,45,0,0,1,0.0,0.0,0,2,0,4,19,6,75.0,0.0,0,0,0.0,0,0.0,0,0,4,0,0,0,1,3,3,3,50.0,0,0.0,1,0,0,0,0.0,0.0,0,0,0,0,0,0,0,0,50.0,0.0,0.0,,0.0
22,25-26-friendly-arsenal-vs-milan,24,0,0,1,0.0,0.0,1,0,0,1,10,8,89.0,1.0,1,0,0.0,1,100.0,0,0,1,0,0,0,0,2,1,0,0.0,2,100.0,0,1,0,0,0.0,0.0,0,0,0,0,0,0,0,0,0.0,0.0,0.0,,0.0
27,25-26-friendly-arsenal-vs-milan,11,0,0,2,0.0,0.0,1,0,0,3,15,10,91.0,2.0,0,1,100.0,0,0.0,0,0,1,0,0,0,0,0,1,0,0.0,0,0.0,0,0,0,0,0.0,0.0,0,0,0,1,0,0,0,0,0.0,0.0,0.0,,0.0
1,25-26-friendly-arsenal-vs-milan,45,0,0,0,0.0,0.0,0,0,0,0,8,4,57.0,0.0,1,0,0.0,0,0.0,0,0,3,0,0,0,0,0,0,0,0.0,0,0.0,0,0,0,0,0.0,0.0,0,4,0,0,0,0,0,0,0.0,0.0,0.0,,0.0
488,25-26-friendly-newcastle-united-vs-celtic,45,0,0,1,0.02,0.05,0,2,0,0,37,25,93.0,2.0,6,0,0.0,3,60.0,1,0,4,0,0,0,0,6,1,6,86.0,0,0.0,2,0,0,0,0.0,0.0,0,0,0,0,0,0,0,0,100.0,50.0,0.0,,2.0
573,25-26-friendly-tottenham-hotspur-vs-reading,47,0,0,1,0.0,0.0,1,0,1,1,29,10,77.0,0.0,3,0,0.0,2,40.0,0,0,2,0,3,1,0,3,5,2,33.0,1,50.0,1,3,0,0,0.0,0.0,0,0,0,1,0,0,0,0,0.0,0.0,0.0,,1.0
579,25-26-friendly-tottenham-hotspur-vs-reading,47,0,0,1,0.0,0.0,0,0,0,4,25,9,64.0,0.0,1,0,0.0,0,0.0,1,0,1,0,0,0,0,2,3,2,40.0,0,0.0,0,0,0,0,0.0,0.0,0,0,0,0,0,0,0,0,0.0,50.0,0.0,,2.0
580,25-26-friendly-tottenham-hotspur-vs-reading,45,0,0,0,0.0,0.0,0,0,0,1,15,8,73.0,0.0,0,0,0.0,1,100.0,0,0,1,0,0,0,0,1,1,1,50.0,0,0.0,1,1,0,0,0.0,0.0,0,0,0,1,0,0,0,0,0.0,0.0,0.0,,0.0
575,25-26-friendly-tottenham-hotspur-vs-reading,47,0,0,0,0.0,0.0,0,0,0,0,37,31,94.0,0.0,0,0,0.0,2,67.0,0,0,0,0,2,1,0,1,3,0,0.0,1,50.0,0,2,0,0,0.0,0.0,0,0,0,0,0,0,0,0,0.0,0.0,0.0,,0.0
479,25-26-friendly-newcastle-united-vs-celtic,45,0,0,0,0.0,0.31,0,0,0,0,53,36,82.0,1.0,7,1,100.0,1,100.0,0,0,2,0,1,0,0,1,0,1,100.0,0,0.0,1,0,0,0,0.0,0.0,0,0,0,0,0,0,0,0,0.0,0.0,0.0,,0.0
116,25-26-friendly-brentford-vs-gil-vicente,46,0,0,0,0.0,0.01,0,2,0,0,64,45,90.0,0.0,7,0,0.0,1,33.0,1,1,2,1,0,0,0,6,2,6,75.0,0,0.0,3,2,0,0,0.0,0.0,0,0,0,0,0,0,0,0,100.0,100.0,0.0,,1.0
476,25-26-friendly-newcastle-united-vs-celtic,45,0,0,0,0.0,0.01,0,0,0,0,50,40,91.0,0.0,4,0,0.0,3,60.0,0,0,2,0,2,0,0,2,1,2,67.0,0,0.0,1,1,0,0,0.0,0.0,0,0,0,0,0,0,0,0,0.0,0.0,0.0,,1.0
586,25-26-friendly-tottenham-hotspur-vs-reading,47,0,0,0,0.0,0.0,0,0,0,1,13,7,78.0,0.0,0,0,0.0,0,0.0,0,0,1,0,1,0,0,0,3,0,0.0,0,0.0,0,2,0,0,0.0,0.0,0,0,0,1,0,0,0,0,0.0,0.0,0.0,,0.0
481,25-26-friendly-newcastle-united-vs-celtic,45,0,0,0,0.0,0.07,0,1,0,0,42,22,88.0,1.0,2,1,50.0,0,0.0,0,0,3,0,1,0,0,4,4,4,57.0,0,0.0,2,1,0,0,0.0,0.0,0,0,0,0,0,0,0,0,50.0,0.0,0.0,,1.0
484,25-26-friendly-newcastle-united-vs-celtic,45,0,0,0,0.0,0.02,0,0,0,0,43,28,93.0,0.0,2,0,0.0,0,0.0,1,1,1,0,1,1,0,2,2,1,50.0,1,50.0,0,0,0,0,0.0,0.0,0,0,0,0,0,0,0,0,0.0,100.0,0.0,,1.0
284,25-26-friendly-crystal-palace-vs-hamarkameratene,45,0,0,3,0.22,0.0,0,1,0,5,25,7,54.0,0.0,2,0,0.0,0,0.0,1,0,4,0,1,1,0,6,1,3,75.0,3,100.0,1,0,0,0,0.0,0.0,0,0,0,0,0,0,0,0,50.0,100.0,0.0,,1.0
276,25-26-friendly-crystal-palace-vs-hamarkameratene,45,0,0,0,0.0,0.02,0,1,0,1,45,28,78.0,1.0,5,0,0.0,0,0.0,0,0,2,0,0,0,0,1,2,1,33.0,0,0.0,0,0,0,0,0.0,0.0,0,0,0,0,0,0,0,0,50.0,0.0,0.0,,0.0
109,25-26-friendly-brentford-vs-gil-vicente,46,0,0,0,0.0,0.01,0,0,0,0,34,25,93.0,0.0,3,0,0.0,1,50.0,2,0,2,0,0,0,0,4,0,2,100.0,2,100.0,0,0,0,0,0.0,0.0,0,0,0,0,0,0,0,0,0.0,100.0,0.0,,2.0
586,25-26-friendly-wycombe-wanderers-vs-tottenham-hotspur,74,0,0,0,0.0,0.0,0,0,0,0,72,61,94.0,1.0,15,0,0.0,3,75.0,0,2,2,0,0,0,0,1,3,1,25.0,0,0.0,0,2,0,0,0.0,0.0,0,0,0,1,0,0,0,0,0.0,0.0,0.0,,1.0
596,25-26-friendly-tottenham-hotspur-vs-reading,45,0,0,2,0.0,0.0,0,1,1,5,14,5,83.0,0.0,1,0,0.0,0,0.0,0,0,2,0,0,0,0,2,9,1,13.0,1,33.0,0,5,0,0,0.0,0.0,0,0,0,1,0,0,0,0,50.0,0.0,0.0,,0.0
351,25-26-friendly-leeds-united-vs-manchester-united,45,0,0,0,0.0,0.0,0,1,0,0,34,19,83.0,0.0,0,0,0.0,0,0.0,1,0,2,0,0,0,0,4,2,4,80.0,0,0.0,1,0,0,0,0.0,0.0,0,0,0,1,0,0,0,1,100.0,50.0,0.0,,2.0
458,25-26-friendly-leeds-united-vs-manchester-united,45,0,0,2,0.0,0.0,0,0,1,3,30,18,86.0,0.0,3,0,0.0,3,100.0,0,0,2,0,0,0,1,2,4,1,25.0,1,50.0,1,0,0,0,0.0,0.0,0,0,0,1,0,0,0,0,0.0,0.0,0.0,,0.0
595,25-26-friendly-wycombe-wanderers-vs-tottenham-hotspur,13,0,0,0,0.0,0.0,0,0,0,0,19,17,89.0,1.0,2,0,0.0,1,50.0,0,0,0,0,0,0,0,0,0,0,0.0,0,0.0,0,0,0,0,0.0,0.0,0,0,0,0,0,0,0,0,0.0,0.0,0.0,,0.0
465,25-26-friendly-leeds-united-vs-manchester-united,45,0,0,1,0.0,0.0,0,0,0,6,16,7,70.0,1.0,0,0,0.0,0,0.0,0,0,0,0,0,0,0,2,0,1,100.0,1,100.0,1,0,0,0,0.0,0.0,0,0,0,0,0,0,0,0,0.0,0.0,0.0,,0.0
354,25-26-friendly-leeds-united-vs-manchester-united,45,0,0,0,0.0,0.0,0,0,0,0,52,40,87.0,0.0,1,0,0.0,3,100.0,0,0,2,0,0,0,1,0,5,0,0.0,0,0.0,0,3,0,0,0.0,0.0,0,0,0,0,0,0,0,0,0.0,0.0,0.0,,0.0
39,25-26-friendly-aston-villa-vs-eintracht-frankfurt,27,0,0,0,0.0,0.0,0,0,0,0,12,5,56.0,0.0,0,0,0.0,0,0.0,0,0,1,0,1,1,1,0,1,0,0.0,0,0.0,0,0,0,0,0.0,0.0,0,0,0,0,0,0,0,0,0.0,0.0,0.0,,0.0
52,25-26-friendly-aston-villa-vs-eintracht-frankfurt,64,0,0,0,0.0,0.0,0,0,0,2,21,14,78.0,0.0,2,0,0.0,0,0.0,0,0,0,0,0,0,1,1,2,1,33.0,0,0.0,1,0,0,0,0.0,0.0,0,0,0,0,0,0,0,0,0.0,0.0,0.0,,0.0
34,25-26-friendly-aston-villa-vs-eintracht-frankfurt,26,0,0,0,0.0,0.0,0,0,0,0,12,9,82.0,0.0,0,0,0.0,1,100.0,0,0,1,0,0,0,0,0,0,0,0.0,0,0.0,0,0,0,1,0.09,0.91,0,9,1,0,0,0,0,0,0.0,0.0,0.0,,0.0
485,25-26-friendly-newcastle-united-vs-celtic,45,0,0,1,0.05,0.04,0,1,0,4,25,14,82.0,1.0,2,0,0.0,1,100.0,1,0,0,0,0,0,1,4,3,4,57.0,0,0.0,2,1,0,0,0.0,0.0,0,0,0,0,0,0,0,0,100.0,100.0,0.0,,1.0
474,25-26-friendly-newcastle-united-vs-celtic,45,0,0,2,0.07,0.02,0,1,0,3,49,33,89.0,0.0,8,0,0.0,6,75.0,0,0,0,0,3,1,0,2,2,1,33.0,1,100.0,0,2,0,0,0.0,0.0,0,0,0,0,0,0,0,0,100.0,0.0,0.0,,0.0
387,25-26-friendly-milan-vs-liverpool,90,1,0,2,0.0,0.0,2,1,0,1,51,41,93.0,1.0,9,0,0.0,2,67.0,1,0,0,0,1,0,1,3,1,3,75.0,0,0.0,1,0,0,0,0.0,0.0,0,0,0,0,0,0,0,0,100.0,100.0,0.0,,1.0
342,25-26-friendly-leeds-united-vs-manchester-united,77,0,0,1,0.0,0.0,1,3,1,2,75,42,86.0,0.0,5,0,0.0,1,50.0,1,2,7,0,1,0,0,6,4,5,63.0,1,50.0,1,1,0,0,0.0,0.0,0,0,0,1,0,0,0,0,75.0,100.0,0.0,,1.0
356,25-26-friendly-leeds-united-vs-manchester-united,86,0,0,0,0.0,0.0,0,1,0,1,63,52,96.0,0.0,4,0,0.0,1,100.0,1,1,2,0,1,0,0,6,1,5,100.0,1,50.0,0,0,0,0,0.0,0.0,0,0,0,0,0,0,0,0,100.0,25.0,0.0,,4.0
449,25-26-friendly-leeds-united-vs-manchester-united,45,0,0,0,0.0,0.0,0,1,0,0,40,29,83.0,3.0,6,0,0.0,1,50.0,0,0,3,0,1,1,0,4,2,2,67.0,2,67.0,1,0,0,0,0.0,0.0,0,0,0,0,0,0,0,0,50.0,0.0,0.0,,0.0
475,25-26-friendly-newcastle-united-vs-celtic,45,0,0,0,0.0,0.01,0,0,0,0,48,44,96.0,0.0,5,0,0.0,4,80.0,0,0,1,1,1,1,0,1,0,0,0.0,1,100.0,0,0,0,0,0.0,0.0,0,0,0,0,0,0,0,0,0.0,0.0,0.0,,0.0
374,25-26-friendly-milan-vs-liverpool,45,0,1,1,0.0,0.0,0,0,0,1,52,43,96.0,2.0,6,0,0.0,1,100.0,2,0,2,0,0,0,0,5,0,4,100.0,1,100.0,2,0,0,0,0.0,0.0,0,0,0,0,0,0,0,0,0.0,100.0,0.0,,2.0
261,25-26-friendly-crystal-palace-vs-hamarkameratene,45,0,0,0,0.0,0.01,0,0,0,0,49,39,93.0,1.0,7,0,0.0,0,0.0,1,3,2,0,1,0,0,3,0,2,100.0,1,100.0,0,0,0,0,0.0,0.0,0,0,0,0,0,0,0,0,0.0,50.0,0.0,,2.0
271,25-26-friendly-crystal-palace-vs-crawley-town,45,0,0,1,0.03,0.35,0,0,0,0,40,29,88.0,1.0,8,1,25.0,6,67.0,0,1,4,0,0,0,0,1,1,1,50.0,0,0.0,1,1,0,0,0.0,0.0,0,0,0,0,0,0,0,0,0.0,0.0,0.0,,0.0
480,25-26-friendly-newcastle-united-vs-celtic,45,0,0,1,0.02,0.01,1,0,0,1,52,48,94.0,0.0,4,0,0.0,4,80.0,0,0,2,0,0,0,0,1,1,0,0.0,1,100.0,0,1,0,0,0.0,0.0,0,0,0,0,0,0,0,0,0.0,0.0,0.12,,0.0
358,25-26-friendly-leeds-united-vs-manchester-united,77,0,0,1,0.0,0.0,0,1,1,1,66,47,96.0,0.0,3,0,0.0,2,67.0,3,0,5,0,0,0,2,8,6,8,62.0,0,0.0,3,2,0,0,0.0,0.0,0,0,0,1,0,0,0,0,100.0,75.0,0.0,,4.0
440,25-26-friendly-leeds-united-vs-manchester-united,45,0,0,1,0.0,0.0,0,2,0,4,37,18,86.0,3.0,2,1,33.0,1,50.0,1,0,0,0,0,0,0,3,3,3,50.0,0,0.0,0,2,0,0,0.0,0.0,0,0,0,0,0,0,0,0,67.0,100.0,0.0,,1.0
344,25-26-friendly-leeds-united-vs-manchester-united,45,0,0,0,0.0,0.0,0,0,0,0,39,36,97.0,0.0,0,0,0.0,2,100.0,0,0,2,1,1,0,0,1,0,0,0.0,1,100.0,0,0,0,0,0.0,0.0,0,0,0,0,0,0,0,0,0.0,0.0,0.0,,0.0
504,25-26-friendly-crystal-palace-vs-hamarkameratene,45,0,0,0,0.0,0.01,0,0,0,0,17,6,75.0,0.0,2,0,0.0,4,67.0,0,0,5,0,0,0,0,1,0,0,0.0,1,100.0,0,0,2,0,0.56,0.56,0,6,4,0,1,0,0,0,0.0,0.0,0.0,,0.0
266,25-26-friendly-crystal-palace-vs-hamarkameratene,45,0,0,0,0.0,0.38,0,0,0,1,36,26,93.0,3.0,0,2,67.0,0,0.0,0,2,2,0,0,0,1,0,3,0,0.0,0,0.0,0,0,0,0,0.0,0.0,0,0,0,0,0,0,0,0,0.0,0.0,0.0,,0.0
487,25-26-friendly-newcastle-united-vs-celtic,45,0,0,1,0.03,0.04,0,0,0,4,25,15,79.0,2.0,3,2,67.0,0,0.0,0,0,1,0,0,0,0,0,1,0,0.0,0,0.0,0,0,0,0,0.0,0.0,0,0,0,0,0,0,0,0,0.0,0.0,0.0,,0.0
497,25-26-friendly-newcastle-united-vs-celtic,76,0,0,1,0.09,0.02,0,0,0,3,45,34,94.0,0.0,4,0,0.0,0,0.0,0,0,4,0,0,0,0,1,2,1,33.0,0,0.0,1,0,0,0,0.0,0.0,0,0,0,0,0,0,0,0,0.0,0.0,0.0,,0.0
489,25-26-friendly-newcastle-united-vs-celtic,45,0,0,2,0.06,0.01,1,0,0,6,18,6,55.0,0.0,0,1,33.0,0,0.0,0,0,2,0,0,0,1,0,1,0,0.0,0,0.0,0,0,0,0,0.0,0.0,0,0,0,0,0,0,0,0,0.0,0.0,0.01,,0.0
276,25-26-friendly-crystal-palace-vs-crawley-town,45,0,0,1,0.07,0.01,0,1,0,0,29,14,78.0,0.0,4,0,0.0,1,33.0,1,1,1,0,2,1,0,3,3,3,60.0,0,0.0,0,2,0,0,0.0,0.0,0,0,0,0,0,0,0,0,100.0,50.0,0.0,,2.0
353,25-26-friendly-leeds-united-vs-manchester-united,45,0,0,0,0.0,0.0,0,1,0,0,20,5,42.0,0.0,2,0,0.0,0,0.0,1,0,0,0,1,0,0,4,3,3,60.0,1,50.0,1,1,0,0,0.0,0.0,0,0,0,1,0,0,0,1,100.0,100.0,0.0,,1.0
341,25-26-friendly-leeds-united-vs-manchester-united,45,0,0,0,0.0,0.0,0,0,0,0,28,20,80.0,0.0,0,0,0.0,5,50.0,0,0,2,0,1,0,0,0,0,0,0.0,0,0.0,0,0,1,0,0.0,0.0,0,20,5,0,0,0,1,0,0.0,0.0,0.0,,0.0
384,25-26-friendly-milan-vs-liverpool,45,1,0,3,0.0,0.0,1,0,1,4,43,25,96.0,4.0,1,3,38.0,1,100.0,0,0,1,0,0,0,0,0,2,0,0.0,0,0.0,0,0,0,0,0.0,0.0,0,0,0,0,0,3,0,0,0.0,0.0,0.0,,0.0
578,25-26-friendly-tottenham-hotspur-vs-reading,47,1,1,2,0.0,0.0,1,0,0,3,27,17,89.0,1.0,0,0,0.0,0,0.0,0,1,1,1,1,0,0,2,2,1,50.0,1,50.0,1,1,0,0,0.0,0.0,0,0,0,0,0,0,0,0,0.0,0.0,0.0,,0.0
459,25-26-friendly-leeds-united-vs-manchester-united,45,0,0,1,0.0,0.0,1,0,0,0,38,28,88.0,1.0,3,0,0.0,3,75.0,0,0,1,0,0,0,1,5,1,4,80.0,1,100.0,2,0,0,0,0.0,0.0,0,0,0,0,0,0,0,0,0.0,0.0,0.0,,2.0
568,25-26-friendly-tottenham-hotspur-vs-reading,45,0,0,0,0.0,0.0,0,1,0,0,59,27,79.0,2.0,5,3,33.0,1,33.0,1,0,3,1,1,0,0,8,2,7,88.0,1,50.0,4,1,0,0,0.0,0.0,0,0,0,0,0,5,0,0,100.0,50.0,0.0,,2.0
371,25-26-friendly-liverpool-vs-preston-north-end,46,0,0,0,0.0,0.0,0,0,0,0,53,44,100.0,0.0,6,0,0.0,1,100.0,1,1,2,0,1,1,0,2,1,2,67.0,0,0.0,1,0,0,0,0.0,0.0,0,0,0,1,0,0,0,0,0.0,100.0,0.0,,1.0
377,25-26-friendly-liverpool-vs-preston-north-end,45,0,0,0,0.0,0.0,0,0,0,1,56,26,79.0,0.0,9,2,25.0,3,50.0,1,0,3,0,2,1,0,1,1,1,50.0,0,0.0,0,1,0,0,0.0,0.0,0,0,0,0,0,3,0,0,0.0,100.0,0.0,,1.0
370,25-26-friendly-liverpool-vs-preston-north-end,46,0,0,1,0.0,0.0,0,1,0,1,32,14,74.0,0.0,3,0,0.0,2,50.0,1,1,1,0,0,0,0,3,1,2,100.0,1,50.0,0,0,0,0,0.0,0.0,0,0,0,0,0,0,0,0,100.0,100.0,0.0,,1.0
388,25-26-friendly-liverpool-vs-preston-north-end,46,0,0,1,0.0,0.0,1,1,0,0,57,45,98.0,0.0,7,0,0.0,1,50.0,0,0,4,0,1,1,1,2,6,2,29.0,0,0.0,0,0,0,0,0.0,0.0,0,0,0,3,0,0,0,0,50.0,0.0,0.0,,1.0
381,25-26-friendly-liverpool-vs-preston-north-end,45,0,0,0,0.0,0.0,0,0,0,2,36,23,79.0,0.0,4,0,0.0,0,0.0,0,0,1,0,0,0,0,0,3,0,0.0,0,0.0,0,0,0,0,0.0,0.0,0,0,0,1,0,0,0,0,0.0,0.0,0.0,,0.0
574,25-26-friendly-tottenham-hotspur-vs-reading,45,0,0,0,0.0,0.0,0,1,0,1,48,31,89.0,2.0,1,1,50.0,3,100.0,2,0,4,0,0,0,0,5,1,5,83.0,0,0.0,2,0,0,0,0.0,0.0,0,0,0,0,0,0,0,0,50.0,100.0,0.0,,2.0
439,25-26-friendly-leeds-united-vs-manchester-united,45,0,0,2,0.0,0.0,0,1,0,2,29,12,80.0,1.0,0,0,0.0,1,100.0,1,0,3,0,0,0,0,3,3,2,50.0,1,50.0,0,0,0,0,0.0,0.0,0,0,0,1,0,0,0,0,50.0,100.0,0.0,,1.0
598,25-26-friendly-tottenham-hotspur-vs-reading,47,1,0,1,0.0,0.0,1,0,0,1,9,4,100.0,0.0,0,0,0.0,0,0.0,0,0,0,0,2,1,0,2,1,1,100.0,1,50.0,1,0,0,0,0.0,0.0,0,0,0,0,0,0,0,0,0.0,0.0,0.0,,0.0
452,25-26-friendly-leeds-united-vs-manchester-united,45,0,0,1,0.0,0.0,0,1,0,3,33,18,100.0,1.0,1,0,0.0,0,0.0,0,0,1,0,0,0,1,5,5,5,56.0,0,0.0,4,0,0,0,0.0,0.0,0,0,0,2,0,0,0,0,50.0,0.0,0.0,,0.0
362,25-26-friendly-leeds-united-vs-manchester-united,45,0,0,0,0.0,0.0,0,0,0,0,16,8,73.0,2.0,2,0,0.0,0,0.0,0,0,1,0,1,0,0,0,2,0,0.0,0,0.0,0,0,0,0,0.0,0.0,0,0,0,0,0,0,0,0,0.0,0.0,0.0,,0.0
443,25-26-friendly-leeds-united-vs-manchester-united,45,0,0,0,0.0,0.0,0,0,0,0,35,31,94.0,0.0,2,0,0.0,1,100.0,0,0,1,0,0,0,0,0,1,0,0.0,0,0.0,0,0,0,0,0.0,0.0,0,0,0,0,0,0,0,0,0.0,0.0,0.0,,0.0
500,25-26-friendly-newcastle-united-vs-celtic,76,0,0,4,0.32,0.0,2,1,1,7,22,9,75.0,0.0,0,0,0.0,1,100.0,0,0,1,0,0,0,0,4,2,2,100.0,2,50.0,1,0,0,0,0.0,0.0,0,0,0,0,0,0,0,0,100.0,0.0,0.31,,0.0
567,25-26-friendly-tottenham-hotspur-vs-luton-town,45,0,0,0,0.0,0.0,0,0,0,0,27,15,71.0,0.0,3,0,0.0,4,40.0,0,0,3,0,1,0,0,1,0,0,0.0,1,100.0,0,0,2,0,0.0,0.0,0,15,4,0,2,0,2,0,0.0,0.0,0.0,,0.0
582,25-26-friendly-tottenham-hotspur-vs-reading,47,0,1,0,0.0,0.0,0,1,0,2,25,11,92.0,3.0,1,1,14.0,2,100.0,0,0,2,0,0,0,1,2,3,2,40.0,0,0.0,1,0,0,0,0.0,0.0,0,0,0,2,0,7,0,0,100.0,0.0,0.0,,0.0
593,25-26-friendly-tottenham-hotspur-vs-reading,45,0,0,1,0.0,0.0,1,0,0,1,31,23,88.0,0.0,3,0,0.0,1,33.0,0,1,2,0,0,0,0,1,1,1,50.0,0,0.0,0,1,0,0,0.0,0.0,0,0,0,0,0,0,0,0,0.0,0.0,0.0,,1.0
575,25-26-friendly-tottenham-hotspur-vs-luton-town,77,0,0,0,0.0,0.0,0,0,0,0,84,70,95.0,0.0,5,0,0.0,0,0.0,0,2,1,0,4,3,0,3,2,3,75.0,0,0.0,3,1,0,0,0.0,0.0,0,0,0,0,0,0,0,0,0.0,0.0,0.0,,0.0
570,25-26-friendly-tottenham-hotspur-vs-luton-town,64,0,0,0,0.0,0.0,0,0,0,0,62,49,92.0,0.0,2,0,0.0,1,50.0,0,2,2,1,4,4,0,1,1,1,50.0,0,0.0,1,1,0,0,0.0,0.0,0,0,0,0,0,0,0,0,0.0,0.0,0.0,,0.0
346,25-26-friendly-leeds-united-vs-manchester-united,45,0,0,0,0.0,0.0,0,0,0,0,26,21,100.0,0.0,1,0,0.0,1,100.0,0,0,1,0,3,0,0,1,3,1,33.0,0,0.0,0,2,0,0,0.0,0.0,0,0,0,0,0,0,0,0,0.0,0.0,0.0,,1.0
278,25-26-friendly-crystal-palace-vs-crawley-town,25,0,0,1,0.07,0.09,0,1,0,3,15,7,78.0,1.0,0,0,0.0,0,0.0,1,0,2,0,0,0,0,2,2,2,50.0,0,0.0,0,0,0,0,0.0,0.0,0,0,0,0,0,0,0,0,50.0,100.0,0.0,,1.0
587,25-26-friendly-tottenham-hotspur-vs-luton-town,82,0,0,0,0.0,0.0,0,0,0,0,61,48,91.0,0.0,5,0,0.0,2,67.0,1,1,1,0,2,1,1,2,2,2,67.0,0,0.0,1,0,0,0,0.0,0.0,0,0,0,0,0,0,0,0,0.0,100.0,0.0,,1.0
591,25-26-friendly-tottenham-hotspur-vs-luton-town,77,0,0,0,0.0,0.0,0,1,0,0,38,31,94.0,0.0,1,0,0.0,2,67.0,0,0,1,0,1,1,0,2,2,1,33.0,1,100.0,0,2,0,0,0.0,0.0,0,0,0,0,0,0,0,0,100.0,0.0,0.0,,0.0
592,25-26-friendly-tottenham-hotspur-vs-luton-town,77,0,0,0,0.0,0.0,0,1,0,0,22,15,94.0,0.0,0,0,0.0,0,0.0,0,1,0,0,1,1,0,3,2,2,67.0,1,50.0,1,0,0,0,0.0,0.0,0,0,0,1,0,0,0,0,100.0,0.0,0.0,,0.0
348,25-26-friendly-leeds-united-vs-manchester-united,45,0,0,0,0.0,0.0,0,0,0,0,54,44,96.0,0.0,4,0,0.0,0,0.0,0,1,1,1,3,2,0,5,2,1,50.0,4,80.0,0,1,0,0,0.0,0.0,0,0,0,0,0,0,0,1,0.0,0.0,0.0,,1.0
441,25-26-friendly-leeds-united-vs-manchester-united,45,0,0,3,0.0,0.0,1,0,0,3,38,21,81.0,0.0,0,1,50.0,0,0.0,1,0,3,0,0,0,0,3,1,2,67.0,1,100.0,0,1,0,0,0.0,0.0,0,0,0,0,0,0,0,0,0.0,50.0,0.0,,2.0
442,25-26-friendly-leeds-united-vs-manchester-united,29,0,0,0,0.0,0.0,0,0,0,0,29,24,92.0,0.0,1,0,0.0,2,100.0,0,1,2,0,2,1,0,1,0,0,0.0,1,100.0,0,0,0,0,0.0,0.0,0,0,0,0,0,0,0,0,0.0,0.0,0.0,,0.0
493,25-26-friendly-leeds-united-vs-manchester-united,45,0,0,0,0.0,0.0,0,0,0,0,29,24,96.0,1.0,1,0,0.0,1,100.0,0,0,2,0,0,0,0,2,3,2,67.0,0,0.0,2,0,0,0,0.0,0.0,0,0,0,1,0,0,0,0,0.0,0.0,0.0,,0.0
357,25-26-friendly-leeds-united-vs-manchester-united,45,0,0,2,0.0,0.0,2,0,1,2,17,8,80.0,0.0,1,0,0.0,0,0.0,0,0,4,0,0,0,0,0,3,0,0.0,0,0.0,0,2,0,0,0.0,0.0,0,0,0,1,0,0,0,1,0.0,0.0,0.0,,0.0
375,25-26-friendly-milan-vs-liverpool,45,0,0,1,0.0,0.0,0,0,0,2,33,25,96.0,0.0,3,0,0.0,0,0.0,1,0,0,0,0,0,2,4,3,3,50.0,1,100.0,1,0,0,0,0.0,0.0,0,0,0,1,0,0,0,1,0.0,50.0,0.0,,2.0
372,25-26-friendly-milan-vs-liverpool,90,0,0,1,0.0,0.0,1,0,0,1,32,23,88.0,0.0,4,0,0.0,0,0.0,0,0,0,0,0,0,0,0,0,0,0.0,0,0.0,0,0,0,0,0.0,0.0,0,0,0,0,0,0,0,0,0.0,0.0,0.0,,0.0
375,25-26-friendly-liverpool-vs-preston-north-end,45,1,0,1,0.0,0.0,1,0,0,2,43,24,83.0,0.0,3,0,0.0,0,0.0,1,0,2,0,1,1,0,2,2,2,67.0,0,0.0,1,0,0,0,0.0,0.0,0,0,0,0,0,0,0,0,0.0,100.0,0.0,,1.0
391,25-26-friendly-liverpool-vs-preston-north-end,46,0,1,0,0.0,0.0,0,1,0,2,18,8,80.0,2.0,0,0,0.0,0,0.0,1,0,3,0,0,0,1,2,4,2,33.0,0,0.0,0,1,0,0,0.0,0.0,0,0,0,2,0,0,0,0,100.0,100.0,0.0,,1.0
384,25-26-friendly-liverpool-vs-preston-north-end,46,1,0,3,0.0,0.0,2,0,0,5,33,17,81.0,0.0,2,0,0.0,0,0.0,0,0,0,0,0,0,0,2,4,2,33.0,0,0.0,1,1,0,0,0.0,0.0,0,0,0,1,0,0,0,1,0.0,0.0,0.0,,1.0
281,25-26-friendly-crystal-palace-vs-hamarkameratene,45,0,0,1,0.03,0.01,0,0,0,0,32,21,81.0,0.0,8,0,0.0,1,33.0,1,0,2,0,1,0,0,2,4,2,40.0,0,0.0,1,3,0,0,0.0,0.0,0,0,0,0,0,0,0,0,0.0,100.0,0.0,,1.0
253,25-26-friendly-crystal-palace-vs-hamarkameratene,45,0,0,0,0.0,0.0,0,0,0,0,16,13,93.0,0.0,1,0,0.0,0,0.0,0,0,4,0,1,0,0,1,1,0,0.0,1,50.0,0,0,0,0,0.0,0.0,1,13,0,0,0,0,0,0,0.0,0.0,0.0,,0.0
395,25-26-friendly-milan-vs-liverpool,59,0,0,1,0.0,0.0,0,0,0,1,71,62,94.0,1.0,7,0,0.0,4,80.0,0,0,2,0,0,0,1,2,2,2,50.0,0,0.0,1,1,0,0,0.0,0.0,0,0,0,0,0,0,0,0,0.0,0.0,0.0,,1.0
391,25-26-friendly-milan-vs-liverpool,45,0,0,1,0.0,0.0,1,0,0,4,17,9,69.0,0.0,0,0,0.0,0,0.0,0,0,4,0,0,0,0,1,2,0,0.0,1,100.0,0,1,0,0,0.0,0.0,0,0,0,1,0,0,0,0,0.0,0.0,0.0,,0.0
367,25-26-friendly-milan-vs-liverpool,45,0,0,0,0.0,0.0,0,0,0,0,7,7,100.0,0.0,0,0,0.0,1,100.0,0,0,1,0,0,0,0,0,0,0,0.0,0,0.0,0,0,0,2,0.0,0.0,0,7,1,0,0,0,0,0,0.0,0.0,0.0,,0.0
592,25-26-friendly-tottenham-hotspur-vs-reading,45,0,0,1,0.0,0.0,0,1,0,2,22,10,77.0,0.0,3,0,0.0,0,0.0,0,0,2,0,0,0,0,3,2,3,60.0,0,0.0,2,0,0,0,0.0,0.0,0,0,0,2,0,0,0,0,100.0,0.0,0.0,,0.0
567,25-26-friendly-tottenham-hotspur-vs-reading,45,0,0,0,0.0,0.0,0,0,0,0,19,15,83.0,0.0,1,0,0.0,5,63.0,0,0,3,0,0,0,0,0,0,0,0.0,0,0.0,0,0,0,0,0.0,0.0,0,15,5,0,0,0,0,0,0.0,0.0,0.0,,0.0
339,25-26-friendly-leeds-united-vs-manchester-united,45,0,0,0,0.0,0.0,0,0,0,0,28,15,71.0,0.0,3,0,0.0,4,40.0,0,0,4,0,0,0,0,0,0,0,0.0,0,0.0,0,0,3,0,0.0,0.0,1,15,4,0,0,0,2,0,0.0,0.0,0.0,,0.0
434,25-26-friendly-leeds-united-vs-manchester-united,45,0,0,0,0.0,0.0,0,0,0,0,20,12,75.0,0.0,0,0,0.0,4,50.0,0,0,3,0,0,0,0,0,0,0,0.0,0,0.0,0,0,3,0,0.0,0.0,0,12,4,0,0,0,3,0,0.0,0.0,0.0,,0.0
438,25-26-friendly-leeds-united-vs-manchester-united,45,0,0,0,0.0,0.0,0,0,0,0,48,37,82.0,0.0,4,0,0.0,0,0.0,1,0,4,0,2,2,0,3,1,1,50.0,2,100.0,0,1,0,0,0.0,0.0,0,0,0,0,0,0,0,0,0.0,100.0,0.0,,1.0
345,25-26-friendly-leeds-united-vs-manchester-united,45,0,0,0,0.0,0.0,0,0,0,0,41,30,97.0,0.0,0,0,0.0,2,67.0,0,1,2,1,7,3,0,1,0,0,0.0,1,100.0,0,0,0,0,0.0,0.0,0,0,0,0,0,0,0,0,0.0,0.0,0.0,,0.0
382,25-26-friendly-milan-vs-liverpool,90,0,0,0,0.0,0.0,0,1,0,2,36,29,91.0,0.0,1,0,0.0,0,0.0,0,0,1,0,0,0,0,1,1,1,50.0,0,0.0,0,0,0,0,0.0,0.0,0,0,0,0,0,1,0,0,50.0,0.0,0.0,,0.0
387,25-26-friendly-liverpool-vs-preston-north-end,45,0,1,2,0.0,0.0,1,0,1,5,31,23,92.0,1.0,2,0,0.0,3,100.0,0,0,0,0,0,0,0,0,2,0,0.0,0,0.0,0,1,0,0,0.0,0.0,0,0,0,0,0,0,0,0,0.0,0.0,0.0,,0.0
390,25-26-friendly-liverpool-vs-preston-north-end,45,0,0,0,0.0,0.0,0,1,0,0,36,28,88.0,1.0,10,0,0.0,1,33.0,0,1,1,0,0,0,0,2,0,2,100.0,0,0.0,1,0,0,0,0.0,0.0,0,0,0,0,0,0,0,0,100.0,0.0,0.0,,0.0
396,25-26-friendly-liverpool-vs-preston-north-end,45,0,0,1,0.0,0.0,0,0,0,0,34,29,100.0,1.0,3,0,0.0,0,0.0,1,1,2,0,0,0,0,2,3,2,67.0,0,0.0,0,1,0,0,0.0,0.0,0,0,0,0,0,0,0,0,0.0,50.0,0.0,,2.0
462,25-26-friendly-leeds-united-vs-manchester-united,10,0,0,0,0.0,0.0,0,0,0,3,4,2,100.0,0.0,1,0,0.0,0,0.0,0,0,0,0,0,0,0,0,0,0,0.0,0,0.0,0,0,0,0,0.0,0.0,0,0,0,0,0,0,0,0,0.0,0.0,0.0,,0.0
372,25-26-friendly-liverpool-vs-preston-north-end,46,0,0,0,0.0,0.0,0,0,0,0,62,50,88.0,0.0,9,0,0.0,4,44.0,2,0,2,0,1,0,0,2,1,2,67.0,0,0.0,0,0,0,0,0.0,0.0,0,0,0,1,0,0,0,0,0.0,100.0,0.0,,2.0
367,25-26-friendly-liverpool-vs-preston-north-end,45,0,0,0,0.0,0.0,0,0,0,0,21,14,78.0,0.0,0,0,0.0,1,20.0,0,0,4,0,1,0,0,0,0,0,0.0,0,0.0,0,0,0,0,0.0,0.0,0,14,1,0,0,0,0,0,0.0,0.0,0.0,,0.0
491,25-26-friendly-newcastle-united-vs-celtic,45,0,0,1,0.05,0.08,1,0,0,0,39,32,97.0,1.0,4,1,100.0,3,100.0,1,1,4,0,0,0,0,3,0,2,100.0,1,100.0,1,0,0,0,0.0,0.0,0,0,0,0,0,0,0,0,0.0,100.0,0.24,,1.0
498,25-26-friendly-newcastle-united-vs-celtic,45,0,0,1,0.13,0.02,0,0,0,2,29,16,73.0,0.0,3,0,0.0,0,0.0,2,0,1,0,0,0,0,2,2,2,50.0,0,0.0,0,1,0,0,0.0,0.0,0,0,0,0,0,0,0,0,0.0,100.0,0.0,,2.0
469,25-26-friendly-newcastle-united-vs-celtic,45,0,0,0,0.0,0.0,0,0,0,0,19,13,93.0,0.0,0,0,0.0,0,0.0,0,0,3,0,1,0,0,0,0,0,0.0,0,0.0,0,0,1,2,1.79,0.21,0,13,0,0,0,0,0,0,0.0,0.0,0.0,,0.0
265,25-26-friendly-crystal-palace-vs-hamarkameratene,45,0,0,1,0.03,0.01,0,1,0,3,36,16,94.0,1.0,1,0,0.0,1,100.0,2,0,1,1,3,3,0,5,2,4,67.0,1,100.0,0,1,0,0,0.0,0.0,0,0,0,0,0,0,0,0,50.0,67.0,0.0,,3.0
272,25-26-friendly-crystal-palace-vs-hamarkameratene,45,0,0,0,0.0,0.01,0,1,0,0,42,35,97.0,0.0,2,0,0.0,0,0.0,0,2,3,0,2,2,0,2,1,2,100.0,0,0.0,1,0,0,0,0.0,0.0,0,0,0,0,0,0,0,0,100.0,0.0,0.0,,0.0
263,25-26-friendly-crystal-palace-vs-hamarkameratene,45,0,0,0,0.0,0.02,0,0,0,0,41,35,92.0,1.0,10,0,0.0,0,0.0,0,0,3,1,2,0,0,0,0,0,0.0,0,0.0,0,0,0,0,0.0,0.0,0,0,0,0,0,0,0,0,0.0,0.0,0.0,,0.0
279,25-26-friendly-crystal-palace-vs-hamarkameratene,45,1,0,4,0.21,0.07,2,1,0,3,39,19,83.0,0.0,2,1,33.0,1,33.0,2,0,2,0,0,0,0,4,3,3,50.0,1,100.0,0,0,0,0,0.0,0.0,0,0,0,0,0,0,0,0,50.0,100.0,0.36,,2.0
260,25-26-friendly-crystal-palace-vs-hamarkameratene,45,0,0,1,0.1,0.05,0,1,0,2,61,46,90.0,0.0,9,0,0.0,2,67.0,0,1,3,0,4,4,0,5,0,3,100.0,2,100.0,1,0,0,0,0.0,0.0,0,0,0,0,0,0,0,0,100.0,0.0,0.0,,1.0
106,25-26-friendly-brentford-vs-gil-vicente,45,0,0,0,0.0,0.0,0,0,0,0,53,40,85.0,0.0,5,0,0.0,2,33.0,1,0,2,0,2,2,0,2,2,1,100.0,1,33.0,0,0,0,0,0.0,0.0,0,0,0,0,0,0,0,0,0.0,100.0,0.0,,1.0
365,25-26-friendly-leeds-united-vs-manchester-united,45,0,0,0,0.0,0.0,0,0,0,0,18,9,82.0,0.0,2,0,0.0,0,0.0,0,0,1,0,0,0,0,4,2,1,100.0,3,60.0,1,0,0,0,0.0,0.0,0,0,0,0,0,0,0,0,0.0,0.0,0.0,,0.0
450,25-26-friendly-leeds-united-vs-manchester-united,45,0,0,0,0.0,0.0,0,1,0,0,26,11,92.0,0.0,0,0,0.0,0,0.0,1,1,2,0,0,0,2,4,6,4,44.0,0,0.0,2,0,0,0,0.0,0.0,0,0,0,1,0,0,0,0,33.0,100.0,0.0,,1.0
267,25-26-friendly-crystal-palace-vs-hamarkameratene,45,0,1,1,0.04,0.04,0,0,0,2,21,13,87.0,1.0,1,0,0.0,0,0.0,0,0,1,0,0,0,2,2,3,1,25.0,1,100.0,1,0,0,0,0.0,0.0,0,0,0,0,0,0,0,0,0.0,0.0,0.0,,0.0
580,25-26-friendly-tottenham-hotspur-vs-luton-town,77,0,0,0,0.0,0.0,0,0,0,2,30,14,74.0,0.0,3,1,50.0,2,100.0,3,0,0,0,0,0,0,4,3,4,67.0,0,0.0,1,0,0,0,0.0,0.0,0,0,0,1,0,0,0,2,0.0,100.0,0.0,,3.0
595,25-26-friendly-tottenham-hotspur-vs-luton-town,13,0,0,0,0.0,0.0,0,0,0,0,6,5,100.0,1.0,1,0,0.0,1,100.0,0,0,2,0,0,0,0,0,0,0,0.0,0,0.0,0,0,0,0,0.0,0.0,0,0,0,0,0,0,0,0,0.0,0.0,0.0,,0.0
573,25-26-friendly-tottenham-hotspur-vs-luton-town,77,0,0,0,0.0,0.0,0,0,0,0,65,34,79.0,0.0,5,0,0.0,0,0.0,0,1,4,0,0,0,0,4,6,4,40.0,0,0.0,3,3,0,0,0.0,0.0,0,0,0,2,0,0,0,0,0.0,0.0,0.0,,1.0
599,25-26-friendly-tottenham-hotspur-vs-luton-town,13,0,0,0,0.0,0.0,0,0,0,0,3,2,100.0,0.0,0,0,0.0,1,100.0,0,0,0,0,1,1,0,1,0,0,0.0,1,100.0,0,0,0,0,0.0,0.0,0,0,0,0,0,0,0,0,0.0,0.0,0.0,,0.0
460,25-26-friendly-leeds-united-vs-manchester-united,45,0,0,0,0.0,0.0,0,0,0,1,17,13,81.0,1.0,0,0,0.0,0,0.0,0,0,0,0,0,0,0,1,0,0,0.0,1,100.0,0,0,0,0,0.0,0.0,0,0,0,0,0,0,0,0,0.0,0.0,0.0,,0.0
389,25-26-friendly-milan-vs-liverpool,90,0,0,0,0.0,0.0,0,0,0,2,40,32,86.0,1.0,4,0,0.0,5,71.0,1,0,2,0,0,0,0,1,1,1,50.0,0,0.0,0,0,0,0,0.0,0.0,0,0,0,0,0,0,0,0,0.0,100.0,0.0,,1.0
478,25-26-friendly-newcastle-united-vs-celtic,45,0,0,0,0.0,0.09,0,0,0,1,40,17,71.0,2.0,5,4,80.0,0,0.0,0,2,2,0,1,0,0,1,1,0,0.0,1,100.0,0,1,0,0,0.0,0.0,0,0,0,0,0,0,0,0,0.0,0.0,0.0,,0.0
501,25-26-friendly-newcastle-united-vs-celtic,14,0,0,1,0.25,0.0,1,0,1,1,6,2,100.0,1.0,0,0,0.0,0,0.0,0,0,0,0,0,0,0,0,2,0,0.0,0,0.0,0,0,0,0,0.0,0.0,0,0,0,0,0,0,0,0,0.0,0.0,0.23,,0.0
494,25-26-friendly-newcastle-united-vs-celtic,45,0,0,0,0.0,0.02,0,0,0,2,12,12,100.0,1.0,0,0,0.0,0,0.0,0,0,2,0,0,0,1,0,2,0,0.0,0,0.0,0,1,0,0,0.0,0.0,0,0,0,0,0,0,0,0,0.0,0.0,0.0,,0.0
470,25-26-friendly-newcastle-united-vs-celtic,45,0,0,0,0.0,0.0,0,0,0,0,36,31,94.0,0.0,0,0,0.0,5,71.0,0,0,2,0,0,0,0,0,0,0,0.0,0,0.0,0,0,1,2,1.23,0.77,0,31,5,0,0,0,0,0,0.0,0.0,0.0,,0.0
270,25-26-friendly-crystal-palace-vs-hamarkameratene,45,0,0,0,0.0,0.07,0,0,0,0,35,24,83.0,1.0,6,0,0.0,2,67.0,1,1,2,0,0,0,0,3,4,2,40.0,1,50.0,0,3,0,0,0.0,0.0,0,0,0,0,0,0,0,0,0.0,50.0,0.0,,2.0
569,25-26-friendly-wycombe-wanderers-vs-tottenham-hotspur,74,0,0,0,0.0,0.0,0,0,0,0,84,75,99.0,0.0,11,0,0.0,4,80.0,1,2,6,0,1,0,1,4,1,3,75.0,1,100.0,1,0,0,0,0.0,0.0,0,0,0,0,0,0,0,0,0.0,50.0,0.0,,2.0
570,25-26-friendly-tottenham-hotspur-vs-reading,45,0,0,0,0.0,0.0,0,1,0,0,58,45,92.0,0.0,4,0,0.0,1,50.0,1,0,2,0,3,2,0,4,2,3,75.0,1,50.0,1,0,0,0,0.0,0.0,0,0,0,1,0,0,0,0,100.0,100.0,0.0,,1.0
444,25-26-friendly-leeds-united-vs-manchester-united,45,0,0,0,0.0,0.0,0,0,0,0,47,43,96.0,0.0,11,0,0.0,5,100.0,0,0,1,0,1,1,0,1,0,1,100.0,0,0.0,1,0,0,0,0.0,0.0,0,0,0,0,0,0,0,0,0.0,0.0,0.0,,0.0
447,25-26-friendly-leeds-united-vs-manchester-united,45,0,0,1,0.0,0.0,1,0,1,1,38,31,91.0,0.0,6,0,0.0,1,100.0,1,0,1,0,1,0,0,3,2,2,67.0,1,50.0,1,1,0,0,0.0,0.0,0,0,0,0,0,0,0,0,0.0,100.0,0.0,,1.0
436,25-26-friendly-leeds-united-vs-manchester-united,45,0,0,0,0.0,0.0,0,0,0,0,35,30,97.0,0.0,1,0,0.0,0,0.0,0,0,0,0,2,1,0,1,3,0,0.0,1,25.0,0,0,0,0,0.0,0.0,0,0,0,0,0,0,0,0,0.0,0.0,0.0,,0.0
565,25-26-friendly-tottenham-hotspur-vs-reading,47,0,0,0,0.0,0.0,0,0,0,0,34,19,70.0,0.0,2,0,0.0,4,36.0,0,0,4,0,1,0,0,2,0,2,100.0,0,0.0,2,0,2,0,0.0,0.0,0,19,4,0,1,0,0,0,0.0,0.0,0.0,,0.0
446,25-26-friendly-leeds-united-vs-manchester-united,16,0,0,0,0.0,0.0,0,0,0,1,12,9,82.0,0.0,0,0,0.0,1,100.0,0,0,1,0,0,0,0,0,0,0,0.0,0,0.0,0,0,0,0,0.0,0.0,0,0,0,0,0,0,0,0,0.0,0.0,0.0,,0.0
347,25-26-friendly-leeds-united-vs-manchester-united,45,0,0,0,0.0,0.0,0,0,0,0,26,15,88.0,0.0,1,1,100.0,1,50.0,0,1,1,0,2,1,2,0,4,0,0.0,0,0.0,0,0,0,0,0.0,0.0,0,0,0,2,0,1,0,0,0.0,0.0,0.0,,0.0
584,25-26-friendly-tottenham-hotspur-vs-luton-town,77,0,0,0,0.0,0.0,0,1,0,0,36,10,77.0,1.0,1,0,0.0,1,100.0,0,1,1,0,1,1,0,4,7,4,40.0,0,0.0,1,1,0,0,0.0,0.0,0,0,0,3,0,4,0,0,33.0,0.0,0.0,,2.0
582,25-26-friendly-tottenham-hotspur-vs-luton-town,77,0,0,1,0.0,0.0,1,3,1,6,36,14,74.0,0.0,2,0,0.0,2,67.0,0,0,3,0,0,0,1,5,9,5,36.0,0,0.0,1,3,0,0,0.0,0.0,0,0,0,3,0,0,0,1,60.0,0.0,0.0,,1.0
431,25-26-friendly-leeds-united-vs-manchester-united,45,0,0,0,0.0,0.0,0,0,0,0,20,14,74.0,0.0,1,0,0.0,1,17.0,0,0,3,0,0,0,0,0,0,0,0.0,0,0.0,0,0,0,0,0.0,0.0,0,14,1,0,0,0,0,0,0.0,0.0,0.0,,0.0
569,25-26-friendly-tottenham-hotspur-vs-reading,45,0,0,1,0.0,0.0,0,0,0,1,55,49,98.0,0.0,4,0,0.0,3,100.0,1,0,1,0,0,0,0,2,0,2,100.0,0,0.0,1,0,0,0,0.0,0.0,0,0,0,0,0,0,0,0,0.0,100.0,0.0,,1.0
585,25-26-friendly-tottenham-hotspur-vs-reading,45,0,0,1,0.0,0.0,0,0,0,1,52,42,89.0,0.0,5,0,0.0,3,60.0,0,1,3,0,0,0,0,2,2,1,50.0,1,50.0,0,0,0,0,0.0,0.0,0,0,0,0,0,0,0,0,0.0,0.0,0.0,,1.0
571,25-26-friendly-tottenham-hotspur-vs-reading,47,0,0,0,0.0,0.0,0,0,0,0,46,32,97.0,0.0,2,0,0.0,2,100.0,0,1,1,2,4,4,2,2,3,1,33.0,1,50.0,1,0,0,0,0.0,0.0,0,0,0,0,0,0,0,0,0.0,0.0,0.0,,0.0
578,25-26-friendly-wycombe-wanderers-vs-tottenham-hotspur,74,0,0,1,0.0,0.0,0,0,0,1,88,81,98.0,0.0,8,0,0.0,1,50.0,0,0,3,1,2,2,0,1,2,0,0.0,1,50.0,0,1,0,0,0.0,0.0,0,0,0,0,0,0,0,0,0.0,0.0,0.0,,0.0
397,25-26-friendly-liverpool-vs-preston-north-end,46,1,0,2,0.0,0.0,1,0,0,1,11,5,83.0,0.0,0,0,0.0,0,0.0,0,0,2,0,0,0,0,0,1,0,0.0,0,0.0,0,0,0,0,0.0,0.0,0,0,0,1,0,0,0,0,0.0,0.0,0.0,,0.0
486,25-26-friendly-newcastle-united-vs-celtic,45,0,0,1,0.02,0.09,1,1,0,1,28,14,74.0,1.0,0,2,100.0,1,100.0,0,0,1,0,0,0,0,3,4,3,60.0,0,0.0,2,0,0,0,0.0,0.0,0,0,0,0,0,0,0,0,33.0,0.0,0.12,,0.0
271,25-26-friendly-crystal-palace-vs-hamarkameratene,45,0,0,0,0.0,0.1,0,0,0,1,37,32,94.0,2.0,3,1,100.0,0,0.0,0,0,7,0,0,0,0,0,0,0,0.0,0,0.0,0,0,0,0,0.0,0.0,0,0,0,0,0,0,0,0,0.0,0.0,0.0,,0.0
256,25-26-friendly-crystal-palace-vs-hamarkameratene,45,0,0,0,0.0,0.02,0,0,0,1,41,23,88.0,0.0,3,0,0.0,0,0.0,1,0,2,0,4,3,0,3,1,1,100.0,2,67.0,0,0,0,0,0.0,0.0,0,0,0,0,0,0,0,0,0.0,100.0,0.0,,1.0
273,25-26-friendly-crystal-palace-vs-hamarkameratene,45,0,0,0,0.0,0.11,0,0,0,1,40,22,79.0,1.0,4,2,33.0,1,100.0,0,0,1,0,1,1,1,2,1,2,67.0,0,0.0,0,0,0,0,0.0,0.0,0,0,0,0,0,0,0,0,0.0,0.0,0.0,,2.0
131,25-26-friendly-brentford-vs-gil-vicente,8,0,0,0,0.0,0.0,0,0,0,0,5,2,67.0,0.0,0,0,0.0,0,0.0,0,0,0,0,0,0,0,1,2,1,50.0,0,0.0,0,1,0,0,0.0,0.0,0,0,0,0,0,0,0,0,0.0,0.0,0.0,,1.0
598,25-26-friendly-tottenham-hotspur-vs-luton-town,13,0,0,1,0.0,0.0,0,0,1,2,4,1,100.0,0.0,0,0,0.0,0,0.0,0,1,0,0,0,0,0,0,0,0,0.0,0,0.0,0,0,0,0,0.0,0.0,0,0,0,0,0,0,0,0,0.0,0.0,0.0,,0.0
378,25-26-friendly-liverpool-vs-preston-north-end,46,0,0,0,0.0,0.0,0,0,0,0,26,21,95.0,0.0,2,0,0.0,1,100.0,1,0,2,0,2,0,1,2,1,2,67.0,0,0.0,0,0,0,0,0.0,0.0,0,0,0,0,0,0,0,0,0.0,50.0,0.0,,2.0
369,25-26-friendly-liverpool-vs-preston-north-end,46,0,0,0,0.0,0.0,0,0,0,0,39,27,82.0,0.0,1,0,0.0,9,64.0,0,0,8,0,0,0,0,0,0,0,0.0,0,0.0,0,0,1,1,0.0,0.0,1,27,9,0,1,0,1,0,0.0,0.0,0.0,,0.0
566,25-26-friendly-wycombe-wanderers-vs-tottenham-hotspur,88,0,0,0,0.0,0.0,0,0,0,0,28,20,91.0,0.0,1,0,0.0,3,75.0,0,0,7,0,1,0,0,0,0,0,0.0,0,0.0,0,0,0,2,0.0,0.0,1,20,3,0,0,0,0,0,0.0,0.0,0.0,,0.0
359,25-26-friendly-leeds-united-vs-manchester-united,4,0,0,0,0.0,0.0,0,0,0,0,4,2,67.0,0.0,2,0,0.0,0,0.0,0,1,0,0,0,0,0,0,1,0,0.0,0,0.0,0,1,0,0,0.0,0.0,0,0,0,0,0,0,0,0,0.0,0.0,0.0,,0.0
392,25-26-friendly-liverpool-vs-preston-north-end,46,0,0,1,0.0,0.0,0,0,0,2,32,26,90.0,0.0,3,0,0.0,1,50.0,1,0,3,0,0,0,1,2,2,1,50.0,1,50.0,0,0,0,0,0.0,0.0,0,0,0,0,0,0,0,0,0.0,100.0,0.0,,1.0
385,25-26-friendly-liverpool-vs-preston-north-end,45,0,0,1,0.0,0.0,0,1,0,6,14,3,75.0,1.0,0,0,0.0,0,0.0,1,0,1,0,0,0,1,2,3,2,40.0,0,0.0,0,0,0,0,0.0,0.0,0,0,0,1,0,0,0,0,50.0,100.0,0.0,,1.0
376,25-26-friendly-liverpool-vs-preston-north-end,45,0,0,0,0.0,0.0,0,0,0,0,36,31,89.0,0.0,4,0,0.0,1,25.0,0,0,4,0,0,0,0,0,1,0,0.0,0,0.0,0,1,0,0,0.0,0.0,0,0,0,0,0,0,0,0,0.0,0.0,0.0,,0.0
257,25-26-friendly-crystal-palace-vs-hamarkameratene,45,0,0,0,0.0,0.01,0,0,0,0,37,27,90.0,0.0,3,0,0.0,0,0.0,0,0,2,0,5,5,0,2,1,1,100.0,1,50.0,0,0,0,0,0.0,0.0,0,0,0,0,0,0,0,0,0.0,0.0,0.0,,1.0
269,25-26-friendly-crystal-palace-vs-hamarkameratene,45,0,0,3,0.08,0.04,2,1,1,3,35,20,83.0,0.0,4,0,0.0,0,0.0,2,0,1,0,0,0,1,3,5,3,38.0,0,0.0,0,1,0,0,0.0,0.0,0,0,0,0,0,0,0,0,33.0,100.0,0.14,,2.0
258,25-26-friendly-crystal-palace-vs-hamarkameratene,45,0,0,0,0.0,0.03,0,0,0,2,31,16,73.0,0.0,1,0,0.0,0,0.0,1,0,3,0,1,1,0,3,2,1,33.0,2,100.0,0,2,0,0,0.0,0.0,0,0,0,0,0,0,0,0,0.0,100.0,0.0,,1.0
565,25-26-friendly-tottenham-hotspur-vs-luton-town,45,0,0,0,0.0,0.0,0,0,0,0,23,20,95.0,0.0,1,0,0.0,2,67.0,0,0,4,0,0,0,0,1,1,1,100.0,0,0.0,1,0,0,0,0.0,0.0,1,20,2,0,0,0,0,0,0.0,0.0,0.0,,0.0
118,25-26-friendly-brentford-vs-gil-vicente,45,0,0,0,0.0,0.03,0,0,0,1,38,24,89.0,0.0,3,0,0.0,0,0.0,1,1,1,0,0,0,0,4,0,4,100.0,0,0.0,2,0,0,0,0.0,0.0,0,0,0,0,0,0,0,0,0.0,50.0,0.0,,2.0
597,25-26-friendly-wycombe-wanderers-vs-tottenham-hotspur,60,0,0,3,0.0,0.0,0,2,0,4,24,11,69.0,0.0,4,0,0.0,2,100.0,0,1,2,0,1,1,0,3,0,2,100.0,1,100.0,0,0,0,0,0.0,0.0,0,0,0,0,0,0,0,0,100.0,0.0,0.0,,0.0
266,25-26-friendly-crystal-palace-vs-crawley-town,65,1,0,5,0.87,0.16,3,4,0,4,59,32,89.0,2.0,3,1,33.0,2,67.0,0,1,8,0,0,0,1,6,3,6,75.0,0,0.0,2,1,0,0,0.0,0.0,0,0,0,0,0,0,0,0,100.0,0.0,1.01,,0.0
283,25-26-friendly-crystal-palace-vs-crawley-town,65,1,1,2,0.66,0.31,1,0,1,4,21,10,77.0,1.0,2,0,0.0,2,100.0,0,0,0,0,0,0,0,1,1,1,50.0,0,0.0,0,0,0,0,0.0,0.0,0,0,0,0,0,0,0,0,0.0,0.0,0.37,,1.0
263,25-26-friendly-crystal-palace-vs-crawley-town,77,0,0,1,0.12,0.17,0,1,0,2,66,45,88.0,0.0,9,0,0.0,3,50.0,2,4,9,0,2,0,0,5,1,4,80.0,1,100.0,1,1,0,0,0.0,0.0,0,0,0,0,0,0,0,0,100.0,100.0,0.0,,2.0
275,25-26-friendly-crystal-palace-vs-crawley-town,90,0,0,1,0.14,0.08,1,0,0,1,23,16,100.0,0.0,1,0,0.0,0,0.0,0,1,1,0,0,0,1,0,3,0,0.0,0,0.0,0,1,0,0,0.0,0.0,0,0,0,0,0,0,0,0,0.0,0.0,0.14,,0.0
587,25-26-friendly-tottenham-hotspur-vs-reading,47,0,0,0,0.0,0.0,0,0,0,0,22,15,83.0,0.0,1,0,0.0,0,0.0,0,0,2,1,1,1,0,2,3,1,33.0,1,50.0,0,2,0,0,0.0,0.0,0,0,0,0,0,0,0,0,0.0,0.0,0.0,,1.0
455,25-26-friendly-leeds-united-vs-manchester-united,45,0,0,1,0.0,0.0,0,0,0,3,25,13,81.0,1.0,1,1,20.0,0,0.0,0,0,2,0,0,0,0,0,1,0,0.0,0,0.0,0,1,0,0,0.0,0.0,0,0,0,0,0,3,0,0,0.0,0.0,0.0,,0.0
343,25-26-friendly-leeds-united-vs-manchester-united,45,0,0,0,0.0,0.0,0,0,0,0,35,24,89.0,0.0,1,0,0.0,0,0.0,0,1,0,1,4,2,0,0,2,0,0.0,0,0.0,0,1,0,0,0.0,0.0,0,0,0,0,0,0,0,0,0.0,0.0,0.0,,0.0
457,25-26-friendly-leeds-united-vs-manchester-united,45,0,0,1,0.0,0.0,0,0,0,1,32,22,79.0,0.0,2,0,0.0,2,100.0,0,1,3,0,0,0,2,1,5,0,0.0,1,100.0,0,3,0,0,0.0,0.0,0,0,0,0,0,0,0,0,0.0,0.0,0.0,,0.0
467,25-26-friendly-leeds-united-vs-manchester-united,45,0,0,5,0.0,0.0,1,0,0,6,11,1,50.0,0.0,0,0,0.0,0,0.0,0,0,0,0,0,0,0,1,4,0,0.0,1,25.0,0,0,0,0,0.0,0.0,0,0,0,0,0,0,0,0,0.0,0.0,0.0,,0.0
352,25-26-friendly-leeds-united-vs-manchester-united,45,0,0,0,0.0,0.0,0,0,0,0,15,9,100.0,0.0,0,0,0.0,0,0.0,0,0,0,0,0,0,1,0,2,0,0.0,0,0.0,0,0,0,0,0.0,0.0,0,0,0,0,0,0,0,0,0.0,0.0,0.0,,0.0
273,25-26-friendly-crystal-palace-vs-crawley-town,45,0,0,0,0.0,0.05,0,0,0,1,29,19,76.0,1.0,5,0,0.0,0,0.0,0,0,3,0,0,0,0,1,2,1,50.0,0,0.0,0,0,0,0,0.0,0.0,0,0,0,0,0,0,0,0,0.0,0.0,0.0,,1.0
269,25-26-friendly-crystal-palace-vs-crawley-town,26,0,0,1,0.06,0.07,0,0,0,3,15,8,100.0,0.0,1,0,0.0,1,100.0,0,0,1,0,0,0,0,1,4,1,25.0,0,0.0,1,1,0,0,0.0,0.0,0,0,0,0,0,0,0,0,0.0,0.0,0.0,,0.0
53,25-26-friendly-aston-villa-vs-eintracht-frankfurt,63,0,2,0,0.0,0.58,0,0,0,6,20,5,56.0,2.0,2,0,0.0,1,50.0,1,1,2,0,0,0,0,2,4,2,33.0,0,0.0,1,0,0,0,0.0,0.0,0,0,0,0,0,0,0,0,0.0,100.0,0.0,,1.0
122,25-26-friendly-brentford-vs-gil-vicente,46,0,0,0,0.0,0.01,0,0,0,0,15,12,92.0,0.0,1,0,0.0,0,0.0,0,1,2,0,0,0,0,0,3,0,0.0,0,0.0,0,1,0,0,0.0,0.0,0,0,0,0,0,0,0,0,0.0,0.0,0.0,,0.0
134,25-26-friendly-brentford-vs-gil-vicente,38,0,0,1,0.1,0.01,1,0,0,1,17,11,92.0,0.0,1,0,0.0,1,100.0,0,0,0,0,0,0,0,2,2,2,50.0,0,0.0,1,1,0,0,0.0,0.0,0,0,0,0,0,0,0,0,0.0,0.0,0.57,,1.0
130,25-26-friendly-brentford-vs-gil-vicente,32,0,0,0,0.0,0.0,0,1,0,0,27,12,75.0,0.0,0,0,0.0,0,0.0,0,0,0,0,0,0,0,3,6,3,33.0,0,0.0,1,1,0,0,0.0,0.0,0,0,0,0,0,0,0,0,17.0,0.0,0.0,,1.0
124,25-26-friendly-brentford-vs-gil-vicente,45,0,0,0,0.0,0.02,0,0,0,0,36,28,85.0,0.0,3,0,0.0,1,50.0,0,0,0,0,0,0,0,1,2,0,0.0,1,100.0,0,1,0,0,0.0,0.0,0,0,0,0,0,0,0,0,0.0,0.0,0.0,,0.0
121,25-26-friendly-brentford-vs-gil-vicente,45,0,0,0,0.0,0.02,0,0,0,2,31,15,71.0,0.0,8,0,0.0,1,50.0,1,1,0,0,0,0,1,1,4,1,20.0,0,0.0,0,1,0,0,0.0,0.0,0,0,0,0,0,0,0,1,0.0,100.0,0.0,,1.0
107,25-26-friendly-brentford-vs-gil-vicente,46,0,0,0,0.0,0.02,0,0,0,1,17,11,92.0,0.0,0,1,25.0,0,0.0,0,0,1,0,0,0,1,0,2,0,0.0,0,0.0,0,0,0,0,0.0,0.0,0,0,0,0,0,0,0,0,0.0,0.0,0.0,,0.0
113,25-26-friendly-brentford-vs-gil-vicente,45,0,0,0,0.0,0.0,0,0,0,0,48,44,98.0,0.0,1,0,0.0,0,0.0,0,1,0,0,1,0,0,1,4,0,0.0,1,33.0,0,1,0,0,0.0,0.0,0,0,0,0,0,0,0,0,0.0,0.0,0.0,,0.0
593,25-26-friendly-wycombe-wanderers-vs-tottenham-hotspur,74,2,0,2,0.0,0.0,2,1,0,4,33,25,93.0,0.0,2,0,0.0,1,100.0,0,0,3,0,0,0,0,1,6,1,20.0,0,0.0,0,3,0,0,0.0,0.0,0,0,0,0,0,0,0,0,50.0,0.0,0.0,,0.0
588,25-26-friendly-wycombe-wanderers-vs-tottenham-hotspur,60,0,0,2,0.0,0.0,2,0,0,7,37,23,88.0,4.0,1,0,0.0,1,100.0,0,0,0,0,0,0,0,1,2,1,33.0,0,0.0,1,0,0,0,0.0,0.0,0,0,0,0,0,0,0,0,0.0,0.0,0.0,,0.0
253,25-26-friendly-crystal-palace-vs-crawley-town,90,0,0,0,0.0,0.0,0,0,0,0,13,5,63.0,0.0,1,0,0.0,1,25.0,0,0,6,0,0,0,0,0,0,0,0.0,0,0.0,0,0,1,0,0.28,0.28,0,5,1,0,0,0,0,0,0.0,0.0,0.0,,0.0
267,25-26-friendly-crystal-palace-vs-crawley-town,64,0,0,2,0.1,0.19,2,1,0,10,42,24,77.0,3.0,1,0,0.0,1,100.0,0,0,4,0,1,1,1,4,4,2,33.0,2,100.0,1,0,0,0,0.0,0.0,0,0,0,0,0,0,0,0,50.0,0.0,0.36,,0.0
64,25-26-friendly-aston-villa-vs-eintracht-frankfurt,64,1,0,2,0.33,0.1,1,1,0,5,21,5,50.0,0.0,0,0,0.0,0,0.0,1,0,0,0,0,0,0,6,1,5,83.0,1,100.0,3,1,0,0,0.0,0.0,0,0,0,0,0,0,0,0,100.0,100.0,0.67,,1.0
58,25-26-friendly-aston-villa-vs-eintracht-frankfurt,64,0,0,0,0.0,0.01,0,2,0,0,39,24,86.0,0.0,5,0,0.0,4,80.0,0,1,5,2,4,3,0,5,0,4,100.0,1,100.0,2,0,0,0,0.0,0.0,0,0,0,0,0,0,0,0,100.0,0.0,0.0,,0.0
47,25-26-friendly-aston-villa-vs-eintracht-frankfurt,47,1,0,1,0.25,0.0,1,0,0,2,12,4,67.0,1.0,0,0,0.0,0,0.0,0,0,1,0,1,1,0,0,2,0,0.0,0,0.0,0,0,0,0,0.0,0.0,0,0,0,0,0,0,0,0,0.0,0.0,0.78,,0.0
37,25-26-friendly-aston-villa-vs-eintracht-frankfurt,63,0,0,0,0.0,0.07,0,0,0,1,44,24,89.0,0.0,1,1,50.0,1,100.0,1,2,5,0,2,2,0,4,2,3,60.0,1,100.0,2,0,0,0,0.0,0.0,0,0,0,0,0,0,0,0,0.0,100.0,0.0,,1.0
259,25-26-friendly-crystal-palace-vs-crawley-town,45,0,0,1,0.06,0.21,0,0,0,1,40,21,84.0,2.0,2,0,0.0,1,25.0,1,1,2,0,1,1,1,2,2,2,50.0,0,0.0,1,1,0,0,0.0,0.0,0,0,0,0,0,0,0,0,0.0,100.0,0.0,,1.0
272,25-26-friendly-crystal-palace-vs-crawley-town,77,0,0,0,0.0,0.02,0,0,0,0,60,46,81.0,0.0,7,0,0.0,4,36.0,0,1,7,0,0,0,0,0,3,0,0.0,0,0.0,0,2,0,0,0.0,0.0,0,0,0,0,0,0,0,0,0.0,0.0,0.0,,0.0
270,25-26-friendly-crystal-palace-vs-crawley-town,45,0,0,1,0.04,0.06,0,0,0,0,40,27,87.0,1.0,2,0,0.0,2,100.0,1,2,1,0,0,0,1,1,1,1,50.0,0,0.0,0,0,0,0,0.0,0.0,0,0,0,0,0,0,0,0,0.0,100.0,0.0,,1.0
281,25-26-friendly-crystal-palace-vs-crawley-town,1,0,0,0,0.0,0.0,0,0,0,0,2,1,100.0,0.0,0,0,0.0,0,0.0,0,0,0,0,0,0,0,0,0,0,0.0,0,0.0,0,0,0,0,0.0,0.0,0,0,0,0,0,0,0,0,0.0,0.0,0.0,,0.0
33,25-26-friendly-aston-villa-vs-eintracht-frankfurt,64,0,0,0,0.0,0.0,0,0,0,0,30,25,96.0,1.0,0,0,0.0,3,75.0,0,0,5,0,0,0,0,0,0,0,0.0,0,0.0,0,0,1,1,0.31,0.69,0,25,3,0,0,0,0,0,0.0,0.0,0.0,,0.0
49,25-26-friendly-aston-villa-vs-eintracht-frankfurt,27,0,0,2,0.08,0.0,0,0,0,1,10,6,100.0,0.0,0,0,0.0,0,0.0,0,0,3,0,0,0,0,1,3,1,33.0,0,0.0,0,1,0,0,0.0,0.0,0,0,0,0,0,0,0,0,0.0,0.0,0.0,,1.0
133,25-26-friendly-brentford-vs-gil-vicente,46,0,0,0,0.0,0.03,0,0,0,0,8,2,100.0,1.0,0,0,0.0,1,100.0,0,0,1,0,1,1,0,2,2,1,50.0,1,50.0,0,1,0,0,0.0,0.0,0,0,0,0,0,0,0,0,0.0,0.0,0.0,,1.0
105,25-26-friendly-brentford-vs-gil-vicente,46,0,0,0,0.0,0.0,0,0,0,0,10,6,67.0,0.0,0,0,0.0,1,25.0,0,0,2,0,1,0,0,0,0,0,0.0,0,0.0,0,0,0,0,0.0,0.0,0,6,1,0,0,0,0,0,0.0,0.0,0.0,,0.0
258,25-26-friendly-crystal-palace-vs-crawley-town,45,0,1,0,0.0,0.04,0,0,0,2,36,13,65.0,1.0,3,1,50.0,1,100.0,1,2,2,0,1,0,0,2,0,2,100.0,0,0.0,1,0,0,0,0.0,0.0,0,0,0,0,0,0,0,0,0.0,100.0,0.0,,1.0
256,25-26-friendly-crystal-palace-vs-crawley-town,45,1,0,1,0.2,0.1,1,0,0,2,30,19,90.0,0.0,1,0,0.0,0,0.0,1,1,2,0,0,0,0,2,2,1,33.0,1,100.0,0,2,0,0,0.0,0.0,0,0,0,0,0,0,0,0,0.0,100.0,0.79,,1.0
257,25-26-friendly-crystal-palace-vs-crawley-town,90,0,0,0,0.0,0.01,0,0,0,0,58,43,86.0,0.0,3,0,0.0,3,43.0,0,2,6,0,4,3,0,5,0,1,100.0,4,100.0,1,0,0,0,0.0,0.0,0,0,0,0,0,0,0,0,0.0,0.0,0.0,,0.0
40,25-26-friendly-aston-villa-vs-eintracht-frankfurt,45,0,0,0,0.0,0.05,0,0,0,1,37,28,90.0,0.0,4,0,0.0,3,75.0,0,2,2,0,2,2,0,2,0,0,0.0,2,100.0,0,0,0,0,0.0,0.0,0,0,0,0,0,0,0,0,0.0,0.0,0.0,,0.0
370,25-26-friendly-milan-vs-liverpool,45,0,0,1,0.0,0.0,1,2,0,6,39,21,95.0,1.0,1,0,0.0,1,100.0,1,0,1,0,0,0,0,6,2,6,75.0,0,0.0,2,1,0,0,0.0,0.0,0,0,0,0,0,0,0,0,67.0,50.0,0.0,,2.0
366,25-26-friendly-milan-vs-liverpool,90,0,0,0,0.0,0.0,0,0,0,0,23,15,94.0,0.0,3,0,0.0,3,75.0,0,0,7,0,2,0,0,0,0,0,0.0,0,0.0,0,0,4,1,0.0,0.0,2,15,3,0,0,0,3,0,0.0,0.0,0.0,,0.0
390,25-26-friendly-milan-vs-liverpool,63,0,0,1,0.0,0.0,0,0,0,0,69,54,95.0,0.0,10,0,0.0,2,67.0,1,3,5,0,2,0,1,4,1,4,80.0,0,0.0,3,0,0,0,0.0,0.0,0,0,0,0,0,0,0,0,0.0,100.0,0.0,,1.0
371,25-26-friendly-milan-vs-liverpool,45,0,0,0,0.0,0.0,0,0,0,1,36,28,93.0,0.0,3,0,0.0,0,0.0,0,1,4,0,1,0,0,2,0,1,100.0,1,100.0,1,0,0,0,0.0,0.0,0,0,0,0,0,0,0,0,0.0,0.0,0.0,,0.0
110,25-26-friendly-brentford-vs-gil-vicente,45,0,0,0,0.0,0.01,0,1,0,1,24,16,100.0,0.0,3,0,0.0,0,0.0,0,1,2,0,0,0,0,1,3,1,33.0,0,0.0,0,1,0,0,0.0,0.0,0,0,0,0,0,0,0,0,50.0,0.0,0.0,,0.0
120,25-26-friendly-brentford-vs-gil-vicente,45,0,0,0,0.0,0.12,0,1,0,2,23,12,86.0,1.0,1,1,100.0,1,100.0,0,0,1,1,0,0,0,2,3,2,50.0,0,0.0,1,1,0,0,0.0,0.0,0,0,0,0,0,0,0,1,50.0,0.0,0.0,,0.0
126,25-26-friendly-brentford-vs-gil-vicente,45,0,0,0,0.0,0.0,0,0,0,2,33,20,91.0,0.0,2,0,0.0,1,100.0,0,1,3,0,0,0,0,0,1,0,0.0,0,0.0,0,0,0,0,0.0,0.0,0,0,0,0,0,0,0,0,0.0,0.0,0.0,,0.0
59,25-26-friendly-aston-villa-vs-eintracht-frankfurt,47,0,0,0,0.0,0.37,0,0,0,0,25,12,86.0,1.0,3,0,0.0,2,67.0,0,0,0,1,1,0,0,8,1,7,88.0,1,100.0,5,1,0,0,0.0,0.0,0,0,0,0,0,0,0,0,0.0,0.0,0.0,,2.0
36,25-26-friendly-aston-villa-vs-eintracht-frankfurt,45,0,0,0,0.0,0.02,0,0,0,0,26,16,94.0,0.0,0,1,100.0,0,0.0,1,0,2,0,2,1,0,2,1,2,67.0,0,0.0,1,0,0,0,0.0,0.0,0,0,0,0,0,0,0,0,0.0,100.0,0.0,,1.0
41,25-26-friendly-aston-villa-vs-eintracht-frankfurt,47,0,0,0,0.0,0.0,0,0,0,0,35,30,97.0,0.0,2,0,0.0,1,100.0,1,0,0,0,2,1,0,3,1,2,100.0,1,50.0,1,0,0,0,0.0,0.0,0,0,0,0,0,0,0,0,0.0,100.0,0.0,,1.0
396,25-26-friendly-milan-vs-liverpool,58,0,0,2,0.0,0.0,0,0,0,2,34,23,92.0,0.0,6,0,0.0,0,0.0,2,1,2,0,0,0,0,3,3,3,50.0,0,0.0,0,1,0,0,0.0,0.0,0,0,0,1,0,0,0,0,0.0,67.0,0.0,,3.0
373,25-26-friendly-milan-vs-liverpool,90,0,0,0,0.0,0.0,0,0,0,0,50,42,98.0,0.0,10,0,0.0,3,75.0,0,0,2,0,3,2,1,2,3,1,33.0,1,50.0,1,0,0,0,0.0,0.0,0,0,0,0,0,0,0,0,0.0,0.0,0.0,,0.0
381,25-26-friendly-milan-vs-liverpool,90,0,0,2,0.0,0.0,0,1,0,5,37,23,88.0,0.0,1,0,0.0,1,100.0,0,0,2,0,0,0,0,1,3,1,33.0,0,0.0,0,0,0,0,0.0,0.0,0,0,0,0,0,0,0,0,33.0,0.0,0.0,,0.0
388,25-26-friendly-milan-vs-liverpool,45,0,0,1,0.0,0.0,0,0,0,3,44,36,92.0,0.0,6,0,0.0,0,0.0,0,0,2,0,1,1,0,0,3,0,0.0,0,0.0,0,0,0,0,0.0,0.0,0,0,0,0,0,0,0,0,0.0,0.0,0.0,,0.0
377,25-26-friendly-milan-vs-liverpool,45,0,0,0,0.0,0.0,0,0,0,0,68,61,95.0,0.0,11,1,50.0,2,67.0,0,1,4,0,0,0,0,1,0,1,100.0,0,0.0,0,0,0,0,0.0,0.0,0,0,0,0,0,0,0,0,0.0,0.0,0.0,,1.0
114,25-26-friendly-brentford-vs-gil-vicente,46,0,0,0,0.0,0.0,0,0,0,0,36,33,97.0,0.0,1,0,0.0,0,0.0,0,0,0,0,1,0,0,1,1,0,0.0,1,100.0,0,1,0,0,0.0,0.0,0,0,0,0,0,0,0,0,0.0,0.0,0.0,,0.0
568,25-26-friendly-wycombe-wanderers-vs-tottenham-hotspur,74,0,0,3,0.0,0.0,1,0,0,2,84,56,89.0,4.0,10,2,25.0,6,60.0,0,0,3,0,0,0,1,4,4,3,43.0,1,100.0,2,1,0,0,0.0,0.0,0,0,0,1,0,5,0,0,0.0,0.0,0.0,,1.0
579,25-26-friendly-wycombe-wanderers-vs-tottenham-hotspur,74,0,0,3,0.0,0.0,1,1,0,7,39,26,93.0,1.0,2,0,0.0,1,100.0,0,0,2,0,0,0,0,3,4,3,50.0,0,0.0,2,1,0,0,0.0,0.0,0,0,0,1,0,0,0,0,50.0,0.0,0.0,,0.0
48,25-26-friendly-aston-villa-vs-eintracht-frankfurt,45,0,0,0,0.0,0.0,0,1,0,0,32,16,73.0,0.0,4,0,0.0,2,40.0,0,0,2,1,3,3,0,4,3,3,60.0,1,50.0,2,0,0,0,0.0,0.0,0,0,0,0,0,0,0,0,100.0,0.0,0.0,,0.0
51,25-26-friendly-aston-villa-vs-eintracht-frankfurt,26,0,0,0,0.0,0.05,0,1,0,1,9,6,100.0,1.0,0,0,0.0,0,0.0,0,1,1,0,0,0,0,1,1,1,50.0,0,0.0,0,0,0,0,0.0,0.0,0,0,0,0,0,0,0,0,100.0,0.0,0.0,,0.0
44,25-26-friendly-aston-villa-vs-eintracht-frankfurt,90,0,0,0,0.0,0.0,0,0,0,0,42,30,97.0,0.0,0,0,0.0,0,0.0,1,0,1,0,2,2,0,6,3,4,57.0,2,100.0,3,1,0,0,0.0,0.0,0,0,0,0,0,0,0,0,0.0,100.0,0.0,,1.0
571,25-26-friendly-wycombe-wanderers-vs-tottenham-hotspur,74,0,0,0,0.0,0.0,0,1,0,0,53,42,89.0,1.0,8,0,0.0,3,50.0,1,1,1,0,0,0,0,2,0,2,100.0,0,0.0,0,0,0,0,0.0,0.0,0,0,0,0,0,0,0,0,100.0,100.0,0.0,,1.0
