player_code,player_id,first_name,second_name,web_name,team_code,position
500040,662,Cristhian,Mosquera,Mosquera,3,Defender
224117,666,Viktor,Gyökeres,Gyökeres,3,Forward
587178,46,Yasin,Özcan,Yasin,7,Defender
244850,47,Morgan,Rogers,Rogers,7,Midfielder
166989,48,Youri,Tielemans,Tielemans,7,Midfielder
215711,49,Leon,Bailey,Bailey,7,Midfielder
195546,50,Emiliano,Buendía Stati,Buendía,7,Midfielder
469247,51,Samuel,Iling-Junior,Iling Jr,7,Midfielder
232653,52,Jacob,Ramsey,J.Ramsey,7,Midfielder
204646,53,Donyell,Malen,Malen,7,Midfielder
122806,54,John,McGinn,McGinn,7,Midfielder
88894,55,Ross,Barkley,Barkley,7,Midfielder
491287,56,Enzo,Barrenechea,Barrenechea,7,Midfielder
461421,57,Lewis,Dobbin,Dobbin,7,Midfielder
226944,58,Boubacar,Kamara,Kamara,7,Midfielder
449871,59,Amadou,Onana,Onana,7,Midfielder
577731,60,Ben,Broggio,Broggio,7,Midfielder
151589,61,Leander,Dendoncker,Dendoncker,7,Midfielder
559962,62,Jamaldeen,Jimoh-Aloba,Jimoh-Aloba,7,Midfielder
537403,63,Kadan,Young,Young,7,Midfielder
178301,64,Ollie,Watkins,Watkins,7,Forward
576756,65,Zépiqueno,Redmond,Redmond,7,Forward
432720,182,James,Trafford,Trafford,90,Goalkeeper
518030,183,Max,Weiß,Weiss,90,Goalkeeper
489571,184,Etienne,Green,Green,90,Goalkeeper
51943,185,Václav,Hladký,Hladký,90,Goalkeeper
192290,186,Connor,Roberts,Roberts,90,Defender
58621,187,Kyle,Walker,Walker,90,Defender
247245,188,Hannes,Delcroix,Delcroix,90,Defender
461567,189,Owen,Dodgson,Dodgson,90,Defender
478969,190,Hjalmar,Ekdal,Ekdal,90,Defender
477717,191,Maxime,Estève,Estève,90,Defender
494960,192,Quilindschy,Hartman,Hartman,90,Defender
461188,193,Bashir,Humphreys,Humphreys,90,Defender
154561,1,David,Raya Martín,Raya,3,Goalkeeper
109745,2,Kepa,Arrizabalaga Revuelta,Arrizabalaga,3,Goalkeeper
463748,3,Karl,Hein,Hein,3,Goalkeeper
551221,4,Tommy,Setford,Setford,3,Goalkeeper
226597,5,Gabriel,dos Santos Magalhães,Gabriel,3,Defender
462424,6,William,Saliba,Saliba,3,Defender
466075,7,Riccardo,Calafiori,Calafiori,3,Defender
445122,8,Jurriën,Timber,J.Timber,3,Defender
440854,9,Jakub,Kiwior,Kiwior,3,Defender
499169,10,Myles,Lewis-Skelly,Lewis-Skelly,3,Defender
198869,11,Benjamin,White,White,3,Defender
206325,12,Oleksandr,Zinchenko,Zinchenko,3,Defender
563324,13,Brayden,Clarke,Clarke,3,Defender
588793,14,Maldini,Kacurri,Kacurri,3,Defender
499167,15,Josh,Nichols,Nichols,3,Defender
223340,16,Bukayo,Saka,Saka,3,Midfielder
184029,17,Martin,Ødegaard,Ødegaard,3,Midfielder
248857,18,Noni,Madueke,Madueke,3,Midfielder
444145,19,Gabriel,Martinelli Silva,Martinelli,3,Midfielder
116216,20,Leandro,Trossard,Trossard,3,Midfielder
204480,21,Declan,Rice,Rice,3,Midfielder
195384,22,Mikel,Merino Zazón,Merino,3,Midfielder
438098,23,Fábio,Ferreira Vieira,Fábio Vieira,3,Midfielder
128295,24,Christian,Nørgaard,Nørgaard,3,Midfielder
499175,25,Ethan,Nwaneri,Nwaneri,3,Midfielder
481655,26,Martín,Zubimendi Ibáñez,Zubimendi,3,Midfielder
200641,27,Reiss,Nelson,Nelson,3,Midfielder
588796,28,Ismeal,Kabia,Kabia,3,Midfielder
437742,29,Albert,Sambi Lokonga,Sambi,3,Midfielder
219847,30,Kai,Havertz,Havertz,3,Forward
205651,31,Gabriel,Fernando de Jesus,G.Jesus,3,Forward
98980,32,Emiliano,Martínez Romero,Martinez,7,Goalkeeper
72147,33,Marco,Bizot,M.Bizot,7,Goalkeeper
462492,34,Joe,Gauci,Gauci,7,Goalkeeper
462381,35,Filip,Marschall,Marschall,7,Goalkeeper
199796,36,Matty,Cash,Cash,7,Defender
101188,37,Lucas,Digne,Digne,7,Defender
199798,38,Ezri,Konsa Ngoyo,Konsa,7,Defender
441302,39,Ian,Maatsen,Maatsen,7,Defender
149484,40,Tyrone,Mings,Mings,7,Defender
244954,41,Pau,Torres,Pau,7,Defender
606798,42,Andrés,García,A.García,7,Defender
106468,43,Álex,Moreno Lopera,Alex Moreno,7,Defender
515597,44,Lamare,Bogarde,Bogarde,7,Defender
514315,45,Lino,da Cruz Sousa,Sousa,7,Defender
241231,194,Jordan,Beyer,Jordan,90,Defender
450072,196,Shurandy,Sambo,Sambo,90,Defender
519895,197,Oliver,Sonne,Sonne,90,Defender
180804,198,Axel,Tuanzebe,Tuanzebe,90,Defender
208912,199,Joe,Worrall,Worrall,90,Defender
444180,200,Jaidon,Anthony,Anthony,90,Midfielder
183751,201,Manuel,Benson Hedilazio,Benson,90,Midfielder
179458,202,Jacob,Bruun Larsen,Bruun Larsen,90,Midfielder
578614,203,Enock,Agyei,Boateng,90,Midfielder
250735,204,Darko,Churlinov,Churlinov,90,Midfielder
549329,195,Lucas,Pires Silva,Lucas Pires,90,Defender
172567,205,Josh,Cullen,Cullen,90,Midfielder
174592,206,Marcus,Edwards,Edwards,90,Midfielder
465527,207,Hannibal,Mejbri,Hannibal,90,Midfielder
487702,208,Luca,Koleosho,Koleosho,90,Midfielder
167887,209,Josh,Laurent,Laurent,90,Midfielder
469272,210,Loum,Tchaouna,Tchaouna,90,Midfielder
447715,211,Aaron,Ramsey,A.Ramsey,90,Midfielder
576323,212,Oluwaseun,Adewumi,Adewumi,90,Midfielder
551206,213,Jaydon,Banel,Banel,90,Midfielder
437748,214,Mike,Trésor Ndayishimiye,Trésor,90,Midfielder
431639,215,Zian,Flemming,Flemming,90,Forward
492831,216,Zeki,Amdouni,Amdouni,90,Forward
435973,217,Lyle,Foster,Foster,90,Forward
44699,218,Ashley,Barnes,Barnes,90,Forward
220598,219,Michael,Obafemi,Obafemi,90,Forward
69752,66,Norberto,Murara Neto,Neto,91,Goalkeeper
457569,67,Đorđe,Petrović,Petrović,91,Goalkeeper
444172,68,Will,Dennis,Dennis,91,Goalkeeper
568791,69,Callan,McKenna,McKenna,91,Goalkeeper
495145,70,Alex,Paulsen,Paulsen,91,Goalkeeper
477580,71,Illia,Zabarnyi,Zabarnyi,91,Defender
221466,72,Marcos,Senesi Barón,Senesi,91,Defender
54469,73,Adam,Smith,Smith,91,Defender
494521,74,Adrien,Truffert,Truffert,91,Defender
541462,75,Matai,Akinmboni,Akinmboni,91,Defender
518906,76,Owen,Bevan,Bevan,91,Defender
463981,77,James,Hill,Hill,91,Defender
436893,78,Julián,Araujo Zúñiga,J.Araujo,91,Defender
223911,79,Chris,Mepham,Mepham,91,Defender
575901,80,Julio,Soler Barreto,Soler,91,Defender
222683,81,Justin,Kluivert,Kluivert,91,Midfielder
437730,82,Antoine,Semenyo,Semenyo,91,Midfielder
533463,83,Dango,Ouattara,O.Dango,91,Midfielder
201658,84,Marcus,Tavernier,Tavernier,91,Midfielder
200785,85,Tyler,Adams,Adams,91,Midfielder
111317,86,David,Brooks,Brooks,91,Midfielder
158499,87,Ryan,Christie,Christie,91,Midfielder
155408,88,Lewis,Cook,Cook,91,Midfielder
168991,89,Philip,Billing,Philip,91,Midfielder
503139,90,Alex,Scott,Scott,91,Midfielder
224995,91,Luis,Sinisterra Lucumí,Sinisterra,91,Midfielder
441240,92,Romain,Faivre,Faivre,91,Midfielder
424044,93,Hamed,Traorè,H.Traorè,91,Midfielder
550596,94,Dominic,Sadi,Sadi,91,Midfielder
530121,95,Zain,Silcott-Duberry,Silcott-Duberry,91,Midfielder
606775,96,Ben,Winterburn,Winterburn,91,Midfielder
444102,97,Francisco Evanilson,de Lima Barbosa,Evanilson,91,Forward
168636,98,Enes,Ünal,Enes Ünal,91,Forward
590760,99,Daniel,Adu-Adjei,Adu-Adjei,91,Forward
560262,100,Eli Junior,Kroupi,Kroupi.Jr,91,Forward
200720,101,Caoimhín,Kelleher,Kelleher,94,Goalkeeper
235448,102,Ellery,Balcombe,Balcombe,94,Goalkeeper
503300,103,Matthew,Cox,Cox,94,Goalkeeper
535017,104,Julian,Eyestone,Eyestone,94,Goalkeeper
507433,105,Hákon Rafn,Valdimarsson,Valdimarsson,94,Goalkeeper
432830,106,Nathan,Collins,Collins,94,Defender
249231,107,Keane,Lewis-Potter,Lewis-Potter,94,Defender
191866,108,Kristoffer,Ajer,Ajer,94,Defender
194010,109,Rico,Henry,Henry,94,Defender
607464,110,Michael,Kayode,Kayode,94,Defender
231065,111,Ethan,Pinnock,Pinnock,94,Defender
226956,112,Mads,Roerslev Rasmussen,Roerslev,94,Defender
444765,113,Sepp,van den Berg,Van den Berg,94,Defender
622536,114,Benjamin,Arthur,Arthur,94,Defender
612534,115,Benjamin,Fredrick,Fredrick,94,Defender
472713,116,Aaron,Hickey,Hickey,94,Defender
570241,117,Kim,Ji-soo,Ji-soo,94,Defender
499717,118,Jayden,Meghoma,Meghoma,94,Defender
513418,120,Kevin,Schade,Schade,94,Midfielder
440089,121,Mikkel,Damsgaard,Damsgaard,94,Midfielder
543295,122,Antoni,Milambo,Milambo,94,Midfielder
244858,123,Fábio,Freitas Gouveia Carvalho,Carvalho,94,Midfielder
56979,124,Jordan,Henderson,Henderson,94,Midfielder
204580,125,Vitaly,Janelt,Janelt,94,Midfielder
207283,126,Mathias,Jensen,Jensen,94,Midfielder
626464,127,Gustavo,Nunes Fernandes Gomes,Nunes,94,Midfielder
428580,128,Frank,Onyeka,Onyeka,94,Midfielder
508395,129,Yehor,Yarmoliuk,Yarmoliuk,94,Midfielder
606689,130,Romelle,Donovan,Donovan,94,Midfielder
628204,131,Yunus Emre,Konak,Konak,94,Midfielder
220695,132,Paris,Maghoma,Maghoma,94,Midfielder
450539,133,Myles,Peart-Harris,Peart-Harris,94,Midfielder
591357,134,Ryan,Trevitt,Trevitt,94,Midfielder
216646,135,Yoane,Wissa,Wissa,94,Forward
502500,136,Igor Thiago,Nascimento Rodrigues,Thiago,94,Forward
533710,137,Iwan,Morgan,Morgan,94,Forward
49262,138,Jason,Steele,Steele,36,Goalkeeper
489639,139,Bart,Verbruggen,Verbruggen,36,Goalkeeper
209288,140,Tom,McGill,McGill,36,Goalkeeper
472739,141,Carl,Rushworth,Rushworth,36,Goalkeeper
240514,142,Kjell,Scherpen,Scherpen,36,Goalkeeper
204120,143,Olivier,Boscagli,Boscagli,36,Defender
550090,144,Diego,Coppola,Coppola,36,Defender
465730,145,Maxim,De Cuyper,De Cuyper,36,Defender
83299,146,Lewis,Dunk,Dunk,36,Defender
204214,147,Pervis,Estupiñán Tenorio,Estupiñan,36,Defender
231416,148,Ferdi,Kadıoğlu,F.Kadıoğlu,36,Defender
223434,149,Igor Julio,dos Santos de Paulo,Igor,36,Defender
232792,150,Tariq,Lamptey,Lamptey,36,Defender
469142,151,Jan Paul,van Hecke,Van Hecke,36,Defender
111478,152,Joël,Veltman,Veltman,36,Defender
110735,153,Adam,Webster,Webster,36,Defender
439135,154,Eiran,Cashin,Cashin,36,Defender
589100,155,Jacob,Slater,Slater,36,Defender
547720,156,Charlie,Tasker,Tasker,36,Defender
451340,157,Mitoma,Kaoru,Mitoma,36,Midfielder
463067,158,Georginio,Rutter,Georginio,36,Midfielder
109345,159,Solly,March,March,36,Midfielder
592031,160,Yankuba,Minteh,Minteh,36,Midfielder
474120,161,Julio,Enciso Espínola,Enciso,36,Midfielder
513433,162,Brajan,Gruda,Gruda,36,Midfielder
532529,163,Jack,Hinshelwood,Hinshelwood,36,Midfielder
219249,164,Matt,O'Riley,O'Riley,36,Midfielder
516211,165,Abdallah,Sima,Sima,36,Midfielder
509416,166,Yasin,Ayari,Ayari,36,Midfielder
535301,167,Carlos,Baleba,Baleba,36,Midfielder
536916,168,Facundo,Buonanotte,Buonanotte,36,Midfielder
514254,169,Diego,Gómez Amarilla,Gomez,36,Midfielder
15157,170,James,Milner,Milner,36,Midfielder
441192,171,Jeremy,Sarmiento Morante,Sarmiento,36,Midfielder
549074,172,Tom,Watson,Watson,36,Midfielder
467779,173,Mats,Wieffer,Wieffer,36,Midfielder
611695,174,Malick,Yalcouyé,Yalcouye,36,Midfielder
567121,175,Joe,Knight,Knight,36,Midfielder
550141,176,Adrian,Mazilu,Mazilu,36,Midfielder
513834,177,Andrew,Moran,Moran,36,Midfielder
50175,178,Danny,Welbeck,Welbeck,36,Forward
487117,179,Evan,Ferguson,Ferguson,36,Forward
608181,180,Stefanos,Tzimas,Tzimas,36,Forward
647850,181,Charalampos,Kostoulas,Kostoulas,36,Forward
215059,220,Robert,Lynch Sánchez,Sánchez,8,Goalkeeper
508479,221,Filip,Jörgensen,Jörgensen,8,Goalkeeper
549939,222,Mike,Penders,Penders,8,Goalkeeper
471798,223,Gabriel,Słonina,Slonina,8,Goalkeeper
179268,224,Marc,Cucurella Saseta,Cucurella,8,Defender
225796,225,Reece,James,James,8,Defender
180736,226,Trevoh,Chalobah,Chalobah,8,Defender
460028,227,Levi,Samuels Colwill,Colwill,8,Defender
482609,228,Malo,Gusto,Gusto,8,Defender
242880,229,Benoît,Badiashile Mukinayi,B.Badiashile,8,Defender
444463,230,Wesley,Fofana,Fofana,8,Defender
574458,231,Mamadou,Sarr,M.Sarr,8,Defender
109646,232,Tosin,Adarabioyo,Tosin,8,Defender
577016,233,Josh,Acheampong,Acheampong,8,Defender
622758,234,Aarón,Anselmino,Anselmino,8,Defender
244851,235,Cole,Palmer,Palmer,8,Midfielder
247632,236,Pedro,Lomba Neto,Neto,8,Midfielder
448047,237,Enzo,Fernández,Enzo,8,Midfielder
624773,238,Estêvão,Almeida de Oliveira Gonçalves,Estêvão,8,Midfielder
463936,239,Jamie,Bynoe-Gittens,Gittens,8,Midfielder
213198,240,Christopher,Nkunku,Nkunku,8,Midfielder
486672,241,Moisés,Caicedo Corozo,Caicedo,8,Midfielder
215413,242,Kiernan,Dewsbury-Hall,Dewsbury-Hall,8,Midfielder
550615,243,Tyrique,George,George,8,Midfielder
514356,244,Roméo,Lavia,Lavia,8,Midfielder
465920,245,Mykhailo,Mudryk,Mudryk,8,Midfielder
532605,246,Andrey,Nascimento dos Santos,Andrey Santos,8,Midfielder
491007,247,Dário,Luís Essugo,D.Essugo,8,Midfielder
611134,248,Kendry,Páez Andrade,Paez,8,Midfielder
475168,249,João Pedro,Junqueira de Jesus,João Pedro,8,Forward
463034,250,Liam,Delap,Delap,8,Forward
517052,251,Nicolas,Jackson,N.Jackson,8,Forward
499309,252,Marc,Guiu Paz,Marc Guiu,8,Forward
172649,253,Dean,Henderson,Henderson,31,Goalkeeper
121709,254,Walter,Benítez,Benitez,31,Goalkeeper
169593,255,Remi,Matthews,Matthews,31,Goalkeeper
247348,256,Daniel,Muñoz Mejía,Muñoz,31,Defender
437499,257,Maxence,Lacroix,Lacroix,31,Defender
244723,258,Tyrick,Mitchell,Mitchell,31,Defender
218364,259,Borna,Sosa,Sosa,31,Defender
209036,260,Marc,Guéhi,Guéhi,31,Defender
427623,261,Chris,Richards,Richards,31,Defender
515621,262,Chadi,Riad Dnanou,Chadi Riad,31,Defender
57328,263,Nathaniel,Clyne,Clyne,31,Defender
156074,264,Rob,Holding,Holding,31,Defender
590012,265,Caleb,Kporha,Kporha,31,Defender
232413,266,Eberechi,Eze,Eze,31,Midfielder
232185,267,Ismaïla,Sarr,Sarr,31,Midfielder
438464,268,Cheick,Doucouré,Doucouré,31,Midfielder
606921,269,Romain,Esse,Esse,31,Midfielder
108413,270,Will,Hughes,Hughes,31,Midfielder
209400,271,Daichi,Kamada,Kamada,31,Midfielder
152551,272,Jefferson,Lerma Solís,Lerma,31,Midfielder
496221,273,Adam,Wharton,Wharton,31,Midfielder
579075,274,Asher,Agbinone,Agbinone,31,Midfielder
466117,275,Naouirou,Ahamada,Ahamada,31,Midfielder
489706,276,Justin,Devenny,Devenny,31,Midfielder
450535,277,Malcolm,Ebiowei,Ebiowei,31,Midfielder
450542,278,Jesurun,Rak-Sakyi,J.Rak-Sakyi,31,Midfielder
536694,279,Matheus,França de Oliveira,M.França,31,Midfielder
531989,280,David,Ozoh,Ozoh,31,Midfielder
530318,281,Kaden,Rodney,Rodney,31,Midfielder
574398,282,Franco,Umeh-Chibueze,Umeh,31,Midfielder
231747,283,Jean-Philippe,Mateta,Mateta,31,Forward
205533,284,Eddie,Nketiah,Nketiah,31,Forward
199670,285,Odsonne,Édouard,Édouard,31,Forward
576980,286,Zach,Marsh,Marsh,31,Forward
111234,287,Jordan,Pickford,Pickford,11,Goalkeeper
229600,288,Mark,Travers,Travers,11,Goalkeeper
447325,289,Harry,Tyrer,Tyrer,11,Goalkeeper
480455,290,Jarrad,Branthwaite,Branthwaite,11,Defender
17761,291,James,Tarkowski,Tarkowski,11,Defender
224967,292,Vitalii,Mykolenko,Mykolenko,11,Defender
512462,293,Jake,O'Brien,O'Brien,11,Defender
59949,294,Séamus,Coleman,Coleman,11,Defender
106611,295,Michael,Keane,Keane,11,Defender
243571,296,Nathan,Patterson,Patterson,11,Defender
496178,297,Roman,Dixon,Dixon,11,Defender
474907,298,Reece,Welch,Welch,11,Defender
440993,299,Iliman,Ndiaye,Ndiaye,11,Midfielder
433154,300,Dwight,McNeil,McNeil,11,Midfielder
502697,301,Carlos,Alcaraz Durán,Alcaraz,11,Midfielder
80801,302,Idrissa Gana,Gueye,Gana,11,Midfielder
232928,303,James,Garner,Garner,11,Midfielder
490094,304,Tim,Iroegbunam,Iroegbunam,11,Midfielder
609873,305,Harrison,Armstrong,Armstrong,11,Midfielder
547801,306,Callum,Bates,Bates,11,Midfielder
504296,307,Coby,Ebere,Ebere,11,Midfielder
496279,308,Isaac,Heath,Heath,11,Midfielder
491557,309,Jenson,Metcalfe,Metcalfe,11,Midfielder
586309,310,Thierno,Barry,Barry,11,Forward
486385,311,Norberto Bercique,Gomes Betuncal,Beto,11,Forward
491012,312,Youssef,Ramalho Chermiti,Y.Chermiti,11,Forward
536241,313,Martin,Sherif,Sherif,11,Forward
80201,314,Bernd,Leno,Leno,54,Goalkeeper
428971,315,Steven,Benda,Benda,54,Goalkeeper
169528,316,Antonee,Robinson,Robinson,54,Defender
174874,317,Joachim,Andersen,Andersen,54,Defender
232892,318,Calvin,Bassey,Bassey,54,Defender
166477,319,Timothy,Castagne,Castagne,54,Defender
219924,320,Issa,Diop,Diop,54,Defender
246301,321,Jorge,Cuenca Barreno,J.Cuenca,54,Defender
167074,322,Kenny,Tete,Tete,54,Defender
591385,323,Samuel,Amissah,Amissah,54,Defender
153133,324,Alex,Iwobi,Iwobi,54,Midfielder
209289,325,Emile,Smith Rowe,Smith Rowe,54,Midfielder
159533,326,Adama,Traoré Diarra,Adama,54,Midfielder
156689,327,Andreas,Hoelgebaum Pereira,Andreas,54,Midfielder
184349,328,Ryan,Sessegnon,Sessegnon,54,Midfielder
153682,329,Harry,Wilson,Wilson,54,Midfielder
207189,330,Sander,Berge,Berge,54,Midfielder
76357,331,Tom,Cairney,Cairney,54,Midfielder
212314,332,Saša,Lukić,Lukić,54,Midfielder
573062,333,Martial,Godo,Godo,54,Midfielder
515024,334,Luke,Harris,Harris,54,Midfielder
577725,335,Josh,King,King,54,Midfielder
153366,336,Harrison,Reed,Reed,54,Midfielder
102057,337,Raúl,Jiménez Rodríguez,Raúl,54,Forward
244042,338,Rodrigo,Muniz Carvalho,Muniz,54,Forward
86873,664,Benjamin,Lecomte,Lecomte,54,Goalkeeper
437495,339,Illan,Meslier,Meslier,2,Goalkeeper
97846,340,Alex,Cairns,Cairns,2,Goalkeeper
59735,341,Karl,Darlow,Darlow,2,Goalkeeper
226182,342,Jayden,Bogle,Bogle,2,Defender
222694,343,Pascal,Struijk,Struijk,2,Defender
434752,344,Jaka,Bijol,Bijol,2,Defender
437738,345,Sebastiaan,Bornauw,Bornauw,2,Defender
113564,346,Sam,Byram,Byram,2,Defender
243526,347,Gabriel,Gudmundsson,Gudmundsson,2,Defender
214225,348,Joe,Rodon,Rodon,2,Defender
492368,349,Isaac,Schmidt,Schmidt,2,Defender
427637,350,Brenden,Aaronson,Aaronson,2,Midfielder
492859,351,Wilfried,Gnonto,Gnonto,2,Midfielder
221399,352,Jack,Harrison,Harrison,2,Midfielder
200617,353,Daniel,James,James,2,Midfielder
199598,354,Ethan,Ampadu,Ampadu,2,Midfielder
248937,355,Sam,Greenwood,Greenwood,2,Midfielder
486520,356,Ilia,Gruev,Gruev,2,Midfielder
433952,357,Largie,Ramazani,Ramazani,2,Midfielder
248056,358,Tanaka,Ao,Tanaka,2,Midfielder
536119,359,Charlie,Crew,Crew,2,Midfielder
462635,360,Joe,Gelhardt,Gelhardt,2,Midfielder
470294,361,Darko,Gyabi,Gyabi,2,Midfielder
235826,362,Joël,Piroe,Piroe,2,Forward
106617,363,Patrick,Bamford,Bamford,2,Forward
565297,364,Mateo,Joseph Fernández-Regatillo,Mateo Joseph,2,Forward
174594,365,Lukas,Nmecha,Nmecha,2,Forward
180135,493,Sean,Longstaff,Longstaff,2,Midfielder
466525,660,Anton,Stach,Stach,2,Midfielder
201595,665,Lucas Estella,Perri,Perri,2,Goalkeeper
116535,366,Alisson,Becker,A.Becker,14,Goalkeeper
449027,367,Giorgi,Mamardashvili,Mamardashvili,14,Goalkeeper
586268,368,Ármin,Pécsi,Pécsi,14,Goalkeeper
155503,369,Freddie,Woodman,Woodman,14,Goalkeeper
216094,370,Jeremie,Frimpong,Frimpong,14,Defender
544877,371,Milos,Kerkez,Kerkez,14,Defender
122798,372,Andrew,Robertson,Robertson,14,Defender
97032,373,Virgil,van Dijk,Virgil,14,Defender
204716,374,Ibrahima,Konaté,Konaté,14,Defender
171287,376,Joe,Gomez,Gomez,14,Defender
214285,377,Konstantinos,Tsimikas,Tsimikas,14,Defender
611926,378,Amara,Nallo,Nallo,14,Defender
219937,379,Rhys,Williams,R.Williams,14,Defender
489580,380,Calvin,Ramsay,Ramsay,14,Defender
118748,381,Mohamed,Salah,M.Salah,14,Midfielder
494595,382,Florian,Wirtz,Wirtz,14,Midfielder
244731,383,Luis,Díaz Marulanda,Luis Díaz,14,Midfielder
243298,384,Cody,Gakpo,Gakpo,14,Midfielder
223541,385,Federico,Chiesa,Chiesa,14,Midfielder
243016,386,Alexis,Mac Allister,Mac Allister,14,Midfielder
424876,387,Dominik,Szoboszlai,Szoboszlai,14,Midfielder
206915,388,Curtis,Jones,C.Jones,14,Midfielder
444884,389,Harvey,Elliott,Elliott,14,Midfielder
441266,390,Ryan,Gravenberch,Gravenberch,14,Midfielder
496208,391,Ben,Doak,Doak,14,Midfielder
158983,392,Endo,Wataru,Endo,14,Midfielder
492777,375,Conor,Bradley,Bradley,14,Defender
535928,393,Stefan,Bajčetić Maquieira,Bajcetic,14,Midfielder
491501,394,James,McConnell,McConnell,14,Midfielder
440148,395,Tyler,Morton,Morton,14,Midfielder
591386,396,Trey,Nyoni,Nyoni,14,Midfielder
447203,397,Darwin,Núñez Ribeiro,Darwin,14,Forward
500058,398,Jayden,Danns,Danns,14,Forward
510663,661,Hugo,Ekitiké,Ekitiké,14,Forward
121160,399,Ederson,Santana de Moraes,Ederson M.,43,Goalkeeper
88248,400,Stefan,Ortega Moreno,Ortega Moreno,43,Goalkeeper
122074,401,Marcus,Bettinelli,Bettinelli,43,Goalkeeper
448514,402,Rayan,Aït-Nouri,Aït-Nouri,43,Defender
477424,403,Joško,Gvardiol,Gvardiol,43,Defender
211975,404,Manuel,Akanji,Akanji,43,Defender
126184,405,Nathan,Aké,Aké,43,Defender
578153,406,Abdukodir,Khusanov,Khusanov,43,Defender
465351,407,Matheus,Nunes,Matheus N.,43,Defender
171314,408,Rúben,dos Santos Gato Alves Dias,Rúben,43,Defender
97299,409,John,Stones,Stones,43,Defender
477064,410,Rico,Lewis,Lewis,43,Defender
472769,411,Nico,O'Reilly,O’Reilly,43,Defender
616222,412,Vitor,de Oliveira Nunes dos Reis,Vitor Reis,43,Defender
438234,413,Omar,Marmoush,Marmoush,43,Midfielder
209244,414,Phil,Foden,Foden,43,Midfielder
510281,415,Sávio,Moreira de Oliveira,Savinho,43,Midfielder
165809,416,Bernardo,Mota Veiga de Carvalho e Silva,Bernardo,43,Midfielder
466052,417,Rayan,Cherki,Cherki,43,Midfielder
248875,418,Jérémy,Doku,Doku,43,Midfielder
114283,419,Jack,Grealish,Grealish,43,Midfielder
59859,420,İlkay,Gündoğan,Gündoğan,43,Midfielder
220566,421,Rodrigo 'Rodri',Hernandez Cascante,Rodrigo,43,Midfielder
91651,422,Mateo,Kovačić,Kovačić,43,Midfielder
465694,423,Nico,González Iglesias,N.Gonzalez,43,Midfielder
477555,424,Oscar,Bobb,Bobb,43,Midfielder
575204,425,Claudio,Echeverri,Echeverri,43,Midfielder
432714,426,James,McAtee,McAtee,43,Midfielder
433036,427,Tijjani,Reijnders,Reijnders,43,Midfielder
566164,428,Sverre,Nypan,Nypan,43,Midfielder
155405,429,Kalvin,Phillips,Phillips,43,Midfielder
223094,430,Erling,Haaland,Haaland,43,Forward
446008,119,Bryan,Mbeumo,Mbeumo,1,Midfielder
451302,431,Altay,Bayındır,Bayindir,1,Goalkeeper
202641,432,André,Onana,Onana,1,Goalkeeper
588555,433,Elyh,Harrison,Harrison,1,Goalkeeper
21205,434,Tom,Heaton,Heaton,1,Goalkeeper
461537,435,Dermot,Mee,Mee,1,Goalkeeper
209365,436,Matthijs,de Ligt,De Ligt,1,Defender
221820,437,Lisandro,Martínez,Martinez,1,Defender
230001,438,Noussair,Mazraoui,Mazraoui,1,Defender
661712,439,Diego,León Blanco,D.Leon,1,Defender
216051,440,Diogo,Dalot Teixeira,Dalot,1,Defender
596777,441,Patrick,Dorgu,Dorgu,1,Defender
95658,442,Harry,Maguire,Maguire,1,Defender
106760,443,Luke,Shaw,Shaw,1,Defender
550864,444,Leny,Yoro,Yoro,1,Defender
577974,445,Harry,Amass,Amass,1,Defender
547676,446,Tyler,Fredricson,Fredricson,1,Defender
606745,447,Ayden,Heaven,Heaven,1,Defender
222690,448,Tyrell,Malacia,Malacia,1,Defender
141746,449,Bruno,Borges Fernandes,B.Fernandes,1,Midfielder
430871,450,Matheus,Santos Carneiro da Cunha,Cunha,1,Midfielder
176297,451,Marcus,Rashford,Rashford,1,Midfielder
493250,452,Amad,Diallo,Amad,1,Midfielder
493105,453,Alejandro,Garnacho Ferreyra,Garnacho,1,Midfielder
467169,454,Antony,dos Santos,Antony,1,Midfielder
184341,455,Mason,Mount,Mount,1,Midfielder
209243,456,Jadon,Sancho,Sancho,1,Midfielder
61256,457,Carlos Henrique,Casimiro,Casemiro,1,Midfielder
516895,458,Kobbie,Mainoo,Mainoo,1,Midfielder
232112,459,Manuel,Ugarte Ribeiro,Ugarte,1,Midfielder
490881,460,Toby,Collyer,Collyer,1,Midfielder
556639,461,Jayce,Fitzgerald,Fitzgerald,1,Midfielder
547037,462,Jack,Fletcher,J.Fletcher,1,Midfielder
618873,463,Sékou,Koné,Kone,1,Midfielder
559684,464,Jack,Moorhouse,Moorhouse,1,Midfielder
497894,465,Rasmus,Højlund,Højlund,1,Forward
458249,466,Joshua,Zirkzee,Zirkzee,1,Forward
596047,467,Chido,Obi,Obi,1,Forward
575034,468,Ethan,Wheatley,Wheatley,1,Forward
98747,469,Nick,Pope,Pope,4,Goalkeeper
67089,470,Martin,Dúbravka,Dúbravka,4,Goalkeeper
81441,471,Mark,Gillespie,Gillespie,4,Goalkeeper
111452,472,Odysseas,Vlachodimos,Odysseas,4,Goalkeeper
487838,473,Lewis,Hall,Hall,4,Defender
119471,474,Fabian,Schär,Schär,4,Defender
220237,475,Sven,Botman,Botman,4,Defender
78916,476,Dan,Burn,Burn,4,Defender
441191,477,Tino,Livramento,Livramento,4,Defender
77794,478,Kieran,Trippier,Trippier,4,Defender
111773,479,Emil,Krafth,Krafth,4,Defender
101148,480,Jamaal,Lascelles,Lascelles,4,Defender
545477,481,Alex,Murphy,A.Murphy,4,Defender
441024,482,Harrison,Ashby,Ashby,4,Defender
578512,483,Miodrag,Pivaš,Pivas,4,Defender
169359,484,Matt,Targett,Targett,4,Defender
232826,485,Anthony,Gordon,Gordon,4,Midfielder
449434,486,Anthony,Elanga,Elanga,4,Midfielder
201666,487,Harvey,Barnes,Barnes,4,Midfielder
208706,488,Bruno,Guimarães Rodriguez Moura,Bruno G.,4,Midfielder
114243,489,Jacob,Murphy,J.Murphy,4,Midfielder
180974,490,Joelinton Cássio,Apolinário de Lira,Joelinton,4,Midfielder
432422,491,Sandro,Tonali,Tonali,4,Midfielder
640108,492,Antoñito,Cordero Campillo,Antoñito C.,4,Midfielder
200089,494,Joe,Willock,Willock,4,Midfielder
153127,495,Isaac,Hayden,Hayden,4,Midfielder
564510,496,Garang,Kuol,Kuol,4,Midfielder
547719,497,Lewis,Miley,L.Miley,4,Midfielder
461484,498,Joe,White,White,4,Midfielder
219168,499,Alexander,Isak,Isak,4,Forward
538207,500,William,Osula,Osula,4,Forward
599303,501,Sean,Neave,Neave,4,Forward
85633,502,Matz,Sels,Sels,17,Goalkeeper
475123,503,Carlos Miguel,dos Santos Pereira,C.Miguel,17,Goalkeeper
224068,504,Matt,Turner,Turner,17,Goalkeeper
227444,505,Nikola,Milenković,Milenković,17,Defender
575476,506,Murillo,Costa dos Santos,Murillo,17,Defender
159506,507,Ola,Aina,Aina,17,Defender
215136,508,Neco,Williams,N.Williams,17,Defender
451432,509,David,Mota Veiga Teixeira do Carmo,David Carmo,17,Defender
575458,510,Jair,Paula da Cunha Filho,Jair Cunha,17,Defender
485047,511,Felipe,Rodrigues da Silva,Morato,17,Defender
204822,512,Omar,Richards,O.Richards,17,Defender
549067,513,Zach,Abbott,Abbott,17,Defender
90585,514,Willy,Boly,Boly,17,Defender
222531,515,Morgan,Gibbs-White,Gibbs-White,17,Midfielder
209046,516,Callum,Hudson-Odoi,Hudson-Odoi,17,Midfielder
215379,517,Elliot,Anderson,Anderson,17,Midfielder
510500,518,João Pedro,Ferreira da Silva,Jota,17,Midfielder
250199,519,Nicolás,Domínguez,Dominguez,17,Midfielder
243345,520,Lewis,O'Brien,O'Brien,17,Midfielder
210462,521,Ibrahim,Sangaré,Sangaré,17,Midfielder
204968,522,Ryan,Yates,Yates,17,Midfielder
569014,523,Eric,da Silva Moreira,Da Silva Moreira,17,Midfielder
495161,524,Marko,Stamenić,Stamenic,17,Midfielder
60689,525,Chris,Wood,Wood,17,Forward
482973,526,Igor Jesus,Maciel da Cruz,Igor Jesus,17,Forward
210156,527,Taiwo,Awoniyi,Awoniyi,17,Forward
232571,528,Anthony,Patterson,Patterson,56,Goalkeeper
74854,529,Simon,Moore,Moore,56,Goalkeeper
490000,530,Blondy,Nna Noukeu,Nna Noukeu,56,Goalkeeper
223827,531,Daniel,Ballard,Ballard,56,Defender
487676,532,Trai,Hume,Hume,56,Defender
220684,533,Aji,Alese,Alese,56,Defender
232820,534,Joe,Anderson,Anderson,56,Defender
461195,535,Dennis,Cirkin,Cirkin,56,Defender
477547,536,Leo Fuhr,Hjelde,Hjelde,56,Defender
492066,537,Niall,Huggins,Huggins,56,Defender
514613,538,Zak,Johnson,Johnson,56,Defender
167512,539,Luke,O'Nien,O'Nien,56,Defender
465702,540,Timothée,Pembélé,Pembele,56,Defender
434399,541,Reinildo,Mandava,Reinildo,56,Defender
519634,542,Jenson,Seelt,Seelt,56,Defender
535818,543,Simon,Adingra,Adingra,56,Midfielder
547027,544,Habib,Diarra,Diarra,56,Midfielder
124165,545,Patrick,Roberts,Roberts,56,Midfielder
626844,546,Milan,Aleksić,Aleksić,56,Midfielder
484420,547,Enzo,Le Fée,E.Le Fée,56,Midfielder
461199,548,Romaine,Mundle,Mundle,56,Midfielder
223336,549,Dan,Neil,Neil,56,Midfielder
215460,550,Ian,Poveda-Ocampo,Poveda,56,Midfielder
554197,551,Chris,Rigg,Rigg,56,Midfielder
577669,552,Noah,Sadiki,Sadiki,56,Midfielder
549912,553,Chemsdine,Talbi,Talbi,56,Midfielder
477851,554,Abdoullah,Ba,Ba,56,Midfielder
171422,555,Alan,Browne,Browne,56,Midfielder
458297,556,Pierre,Ekwah Elimby,Ekwah,56,Midfielder
547410,557,Harrison,Jones,H.Jones,56,Midfielder
493837,558,Jay,Matete,Matete,56,Midfielder
500696,559,Nectarios,Triantis,Triantis,56,Midfielder
437505,560,Wilson,Isidor,Isidor,56,Forward
564406,561,Eliezer,Mayenda Dossou,Mayenda,56,Forward
611975,562,Ahmed,Abdullahi,Abdullahi,56,Forward
551153,563,Luís Hemir,Silva Semedo,Luís Hemir,56,Forward
440955,564,Nazarii,Rusyn,Rusyn,56,Forward
184254,565,Guglielmo,Vicario,Vicario,6,Goalkeeper
214572,566,Brandon,Austin,Austin,6,Goalkeeper
485055,567,Antonín,Kinský,Kinsky,6,Goalkeeper
441164,568,Pedro,Porro Sauceda,Pedro Porro,6,Defender
242898,580,Brennan,Johnson,Johnson,6,Midfielder
172780,581,James,Maddison,Maddison,6,Midfielder
460842,582,Mohammed,Kudus,Kudus,6,Midfielder
445044,583,Dejan,Kulusevski,Kulusevski,6,Midfielder
511499,584,Mathys,Tel,Tel,6,Midfielder
202993,585,Rodrigo,Bentancur,Bentancur,6,Midfielder
570526,586,Lucas,Bergvall,Bergvall,6,Midfielder
227127,587,Yves,Bissouma,Bissouma,6,Midfielder
550839,588,Wilson,Odobert,Odobert,6,Midfielder
235674,589,Manor,Solomon,Solomon,6,Midfielder
490145,599,Dane,Scarlett,Scarlett,6,Forward
84182,600,Alphonse,Areola,Areola,21,Goalkeeper
82143,601,Wes,Foderingham,Foderingham,21,Goalkeeper
483364,602,Krisztián,Hegyi,Hegyi,21,Goalkeeper
613804,603,El Hadji Malick,Diouf,Diouf,21,Defender
109533,604,Emerson,Palmieri dos Santos,Emerson,21,Defender
214048,605,Maximilian,Kilman,Kilman,21,Defender
233963,606,Konstantinos,Mavropanos,Mavropanos,21,Defender
210494,607,Nayef,Aguerd,N.Aguerd,21,Defender
536109,608,Ollie,Scarles,Scarles,21,Defender
149519,617,Maxwel,Cornet,Cornet,21,Midfielder
197024,618,Guido,Rodríguez,G.Rodriguez,21,Midfielder
577114,619,Luis Guilherme,Lira dos Santos,L.Guilherme,21,Midfielder
490885,620,George,Earthy,Earthy,21,Midfielder
229384,621,Andy,Irving,Irving,21,Midfielder
221632,569,Cristian,Romero,Romero,6,Defender
135720,570,Kevin,Danso,Danso,6,Defender
115556,571,Ben,Davies,Davies,6,Defender
493125,572,Radu,Drăgușin,Dragusin,6,Defender
232859,573,Djed,Spence,Spence,6,Defender
487053,574,Destiny,Udogie,Udogie,6,Defender
491279,575,Micky,van de Ven,Van de Ven,6,Defender
548308,576,Ashley,Phillips,Phillips,6,Defender
553299,577,Takai,Kōta,Takai,6,Defender
610799,578,Luka,Vušković,Vuskovic,6,Defender
85971,579,Son,Heung-min,Son,6,Midfielder
436234,590,Bryan,Gil Salvatierra,Bryan,6,Midfielder
547701,591,Archie,Gray,Gray,6,Midfielder
499721,592,Mikey,Moore,Moore,6,Midfielder
482442,593,Pape Matar,Sarr,P.M.Sarr,6,Midfielder
623095,594,Yang,Min-hyeok,Min-hyeok,6,Midfielder
499726,595,Callum,Olusesi,Olusesi,6,Midfielder
154566,596,Dominic,Solanke-Mitchell,Solanke,6,Forward
212319,597,Richarlison,de Andrade,Richarlison,6,Forward
552427,598,Will,Lankshear,Lankshear,6,Forward
462116,609,Jean-Clair,Todibo,Todibo,21,Defender
214590,610,Aaron,Wan-Bissaka,Wan-Bissaka,21,Defender
518438,611,Kaelan,Casey,Casey,21,Defender
224024,612,Lucas,Tolentino Coelho de Lima,L.Paquetá,21,Midfielder
215439,613,Tomáš,Souček,Souček,21,Midfielder
101178,614,James,Ward-Prowse,Ward-Prowse,21,Midfielder
450070,615,Crysencio,Summerville,Summerville,21,Midfielder
213999,616,Edson,Álvarez Velázquez,Álvarez,21,Midfielder
518442,622,Lewis,Orford,Orford,21,Midfielder
490142,623,Freddie,Potts,Potts,21,Midfielder
178186,624,Jarrod,Bowen,Bowen,21,Forward
91889,625,Niclas,Füllkrug,Füllkrug,21,Forward
565431,626,Callum,Marshall,Marshall,21,Forward
158534,659,Kyle,Walker-Peters,Walker-Peters,21,Defender
101982,627,Sam,Johnstone,Johnstone,39,Goalkeeper
149065,628,José,Malheiro de Sá,José Sá,39,Goalkeeper
79602,629,Daniel,Bentley,Bentley,39,Goalkeeper
138001,630,Tom,King,King,39,Goalkeeper
516939,631,Emmanuel,Agbadou,Agbadou,39,Defender
87835,632,Matt,Doherty,Doherty,39,Defender
490721,633,Hugo,Bueno López,H.Bueno,39,Defender
501837,634,Yerson,Mosquera Valdelamar,Mosquera,39,Defender
483081,635,Rodrigo,Martins Gomes,R.Gomes,39,Defender
231480,636,Santiago,Ignacio Bueno,S.Bueno,39,Defender
510362,637,Toti,Gomes,Toti,39,Defender
441271,638,Ki-Jana,Hoever,Hoever,39,Defender
560248,639,Bastien,Meupiyou Menadjou,Meupiyou,39,Defender
641221,640,Pedro,Cardoso de Lima,Pedro Lima,39,Defender
517179,641,Alfie,Pond,Pond,39,Defender
184754,642,Hwang,Hee-chan,Hee Chan,39,Midfielder
509291,643,André,Trindade da Costa Neto,André,39,Midfielder
231057,644,Jean-Ricner,Bellegarde,Bellegarde,39,Midfielder
643135,645,Fer,López González,Fer López,39,Midfielder
448089,646,João Victor,Gomes da Silva,Gomes,39,Midfielder
181284,647,Gonçalo Manuel,Ganchinho Guedes,Guedes,39,Midfielder
433312,648,Marshall,Munetsi,Munetsi,39,Midfielder
476502,649,Boubacar,Traoré,B.Traore,39,Midfielder
497606,650,Tawanda,Chirewa,Chirewa,39,Midfielder
596054,651,Tom,Edozie,Edozie,39,Midfielder
593001,652,Enso,González Medina,Gonzalez,39,Midfielder
240299,653,Joe,Hodge,Hodge,39,Midfielder
247412,654,Jørgen,Strand Larsen,Strand Larsen,39,Forward
449988,655,Fábio,Soares Silva,Fábio Silva,39,Forward
429414,656,Saša,Kalajdžić,Kalajdžić,39,Forward
589507,657,Leon,Chiwome,Chiwome,39,Forward
531363,658,Nathan,Fraser,Fraser,39,Forward
230376,663,Jhon,Arias,J.Arias,39,Midfielder
