match_id,match_url,player_id,minutes_played,goals,assists,total_shots,xg,xa,xgot,shots_on_target,successful_dribbles,big_chances_missed,touches_opposition_box,touches,accurate_passes,accurate_passes_percent,chances_created,final_third_passes,accurate_crosses,accurate_crosses_percent,accurate_long_balls,accurate_long_balls_percent,tackles_won,tackles_won_percent,tackles,interceptions,recoveries,blocks,clearances,headed_clearances,dribbled_past,duels_won,duels_lost,ground_duels_won,ground_duels_won_percent,aerial_duels_won,aerial_duels_won_percent,was_fouled,fouls_committed,successful_dribbles_percent,saves,goals_conceded,xgot_faced,goals_prevented,sweeper_actions,high_claim,gk_accurate_long_balls,gk_accurate_passes,offsides
24-25-prem-afc-bournemouth-vs-arsenal,/matches/afc-bournemouth-vs-arsenal/2txefx#4506393,79,90.0,0.0,0.0,0.0,0.0,0.03,0.0,0.0,0.0,0.0,1.0,79.0,47.0,77.0,0.0,10.0,0.0,0.0,0.0,0.0,4.0,100.0,4.0,1.0,5.0,0.0,5.0,4.0,0.0,11.0,2.0,6.0,100.0,5.0,71.0,2.0,0.0,,,,,,,,,,
24-25-prem-afc-bournemouth-vs-arsenal,/matches/afc-bournemouth-vs-arsenal/2txefx#4506393,71,27.0,1.0,1.0,1.0,0.79,0.06,0.8,1.0,0.0,0.0,2.0,7.0,4.0,100.0,1.0,1.0,0.0,,0.0,,0.0,0.0,0.0,0.0,0.0,0.0,0.0,0.0,0.0,1.0,2.0,1.0,50.0,0.0,0.0,1.0,1.0,,,,,,,,,,
24-25-prem-afc-bournemouth-vs-arsenal,/matches/afc-bournemouth-vs-arsenal/2txefx#4506393,70,90.0,0.0,0.0,1.0,0.05,0.03,0.0,0.0,2.0,0.0,2.0,72.0,46.0,90.0,1.0,8.0,0.0,0.0,2.0,40.0,0.0,0.0,2.0,0.0,6.0,0.0,3.0,3.0,1.0,5.0,3.0,5.0,71.0,0.0,0.0,1.0,1.0,100.0,,,,,,,,,
24-25-prem-afc-bournemouth-vs-arsenal,/matches/afc-bournemouth-vs-arsenal/2txefx#4506393,64,90.0,0.0,0.0,0.0,0.0,0.04,0.0,0.0,1.0,0.0,0.0,59.0,35.0,83.0,2.0,7.0,0.0,0.0,1.0,33.0,2.0,67.0,3.0,1.0,5.0,0.0,1.0,1.0,1.0,5.0,4.0,4.0,57.0,1.0,50.0,0.0,0.0,50.0,,,,,,,,,
24-25-prem-afc-bournemouth-vs-arsenal,/matches/afc-bournemouth-vs-arsenal/2txefx#4506393,152,90.0,0.0,0.0,0.0,0.0,0.0,0.0,0.0,0.0,0.0,0.0,41.0,21.0,64.0,0.0,5.0,0.0,,11.0,50.0,0.0,0.0,0.0,0.0,10.0,0.0,0.0,0.0,0.0,0.0,0.0,0.0,,0.0,,0.0,0.0,,1.0,0.0,0.32,0.32,0.0,1.0,11.0,21.0,
24-25-prem-afc-bournemouth-vs-arsenal,/matches/afc-bournemouth-vs-arsenal/2txefx#4506393,16,90.0,0.0,0.0,0.0,0.0,0.15,0.0,0.0,3.0,0.0,2.0,68.0,39.0,87.0,2.0,6.0,3.0,75.0,0.0,0.0,1.0,33.0,3.0,0.0,7.0,1.0,1.0,0.0,0.0,10.0,1.0,9.0,90.0,1.0,100.0,3.0,0.0,100.0,,,,,,,,,
24-25-prem-afc-bournemouth-vs-arsenal,/matches/afc-bournemouth-vs-arsenal/2txefx#4506393,617,82.0,0.0,0.0,1.0,0.04,0.04,0.0,0.0,2.0,0.0,6.0,23.0,7.0,64.0,1.0,0.0,0.0,,0.0,,0.0,0.0,0.0,0.0,2.0,0.0,0.0,0.0,0.0,4.0,4.0,4.0,57.0,0.0,0.0,2.0,2.0,67.0,,,,,,,,,
24-25-prem-afc-bournemouth-vs-arsenal,/matches/afc-bournemouth-vs-arsenal/2txefx#4506393,77,63.0,0.0,0.0,0.0,0.0,0.08,0.0,0.0,2.0,0.0,2.0,48.0,30.0,88.0,2.0,8.0,0.0,,0.0,0.0,0.0,0.0,0.0,2.0,6.0,0.0,1.0,0.0,1.0,5.0,7.0,5.0,56.0,0.0,0.0,3.0,0.0,50.0,,,,,,,,,
24-25-prem-afc-bournemouth-vs-arsenal,/matches/afc-bournemouth-vs-arsenal/2txefx#4506393,63,27.0,1.0,0.0,1.0,0.11,0.02,0.46,1.0,0.0,0.0,1.0,17.0,8.0,80.0,0.0,0.0,1.0,100.0,1.0,50.0,0.0,0.0,0.0,0.0,3.0,0.0,4.0,3.0,2.0,1.0,3.0,1.0,25.0,0.0,0.0,1.0,1.0,,,,,,,,,,
24-25-prem-afc-bournemouth-vs-arsenal,/matches/afc-bournemouth-vs-arsenal/2txefx#4506393,83,63.0,0.0,0.0,3.0,0.2,0.03,0.25,1.0,3.0,1.0,3.0,39.0,21.0,91.0,1.0,3.0,0.0,0.0,0.0,,1.0,50.0,2.0,0.0,1.0,0.0,0.0,0.0,0.0,5.0,3.0,5.0,63.0,0.0,0.0,0.0,1.0,75.0,,,,,,,,,
24-25-prem-afc-bournemouth-vs-arsenal,/matches/afc-bournemouth-vs-arsenal/2txefx#4506393,85,90.0,0.0,0.0,0.0,0.0,0.02,0.0,0.0,0.0,0.0,0.0,60.0,45.0,79.0,0.0,10.0,0.0,,0.0,0.0,0.0,0.0,0.0,1.0,3.0,0.0,1.0,0.0,0.0,1.0,0.0,0.0,,1.0,100.0,0.0,0.0,,,,,,,,,,
24-25-prem-afc-bournemouth-vs-arsenal,/matches/afc-bournemouth-vs-arsenal/2txefx#4506393,578,90.0,0.0,0.0,0.0,0.0,0.01,0.0,0.0,0.0,0.0,0.0,65.0,35.0,88.0,0.0,3.0,1.0,50.0,1.0,100.0,3.0,100.0,3.0,0.0,2.0,1.0,6.0,5.0,2.0,6.0,4.0,4.0,57.0,2.0,67.0,1.0,0.0,0.0,,,,,,,,,
24-25-prem-afc-bournemouth-vs-arsenal,/matches/afc-bournemouth-vs-arsenal/2txefx#4506393,633,81.0,0.0,0.0,1.0,0.15,0.11,0.0,0.0,0.0,0.0,3.0,51.0,23.0,68.0,1.0,3.0,0.0,,2.0,100.0,3.0,75.0,4.0,2.0,8.0,1.0,2.0,2.0,4.0,7.0,8.0,4.0,40.0,3.0,60.0,0.0,0.0,,,,,,,,,,
24-25-prem-afc-bournemouth-vs-arsenal,/matches/afc-bournemouth-vs-arsenal/2txefx#4506393,592,45.0,0.0,0.0,0.0,0.0,0.01,0.0,0.0,0.0,0.0,0.0,34.0,19.0,83.0,0.0,2.0,0.0,0.0,0.0,,1.0,100.0,1.0,0.0,3.0,0.0,3.0,2.0,0.0,2.0,0.0,1.0,100.0,1.0,100.0,0.0,0.0,,,,,,,,,,
24-25-prem-afc-bournemouth-vs-arsenal,/matches/afc-bournemouth-vs-arsenal/2txefx#4506393,74,63.0,0.0,0.0,0.0,0.0,0.04,0.0,0.0,2.0,0.0,6.0,39.0,7.0,54.0,1.0,1.0,1.0,13.0,0.0,,2.0,100.0,2.0,0.0,1.0,0.0,0.0,0.0,0.0,5.0,8.0,4.0,50.0,1.0,20.0,0.0,1.0,50.0,,,,,,,,,
24-25-prem-afc-bournemouth-vs-arsenal,/matches/afc-bournemouth-vs-arsenal/2txefx#4506393,78,90.0,0.0,0.0,6.0,0.64,0.08,0.13,1.0,3.0,1.0,4.0,46.0,20.0,91.0,1.0,4.0,1.0,50.0,2.0,67.0,0.0,0.0,0.0,1.0,3.0,1.0,1.0,1.0,2.0,3.0,12.0,3.0,27.0,0.0,0.0,0.0,3.0,75.0,,,,,,,,,
24-25-prem-afc-bournemouth-vs-arsenal,/matches/afc-bournemouth-vs-arsenal/2txefx#4506393,2,10.0,0.0,0.0,0.0,0.0,0.0,0.0,0.0,1.0,0.0,3.0,13.0,3.0,60.0,0.0,0.0,0.0,,0.0,,0.0,0.0,0.0,0.0,2.0,0.0,0.0,0.0,0.0,5.0,0.0,5.0,100.0,0.0,0.0,4.0,0.0,100.0,,,,,,,,,
24-25-prem-afc-bournemouth-vs-arsenal,/matches/afc-bournemouth-vs-arsenal/2txefx#4506393,20,90.0,0.0,0.0,1.0,0.05,0.03,0.0,0.0,1.0,0.0,0.0,74.0,55.0,87.0,0.0,4.0,0.0,,0.0,0.0,1.0,50.0,2.0,0.0,5.0,0.0,0.0,0.0,4.0,8.0,8.0,5.0,42.0,3.0,75.0,2.0,2.0,50.0,,,,,,,,,
24-25-prem-afc-bournemouth-vs-arsenal,/matches/afc-bournemouth-vs-arsenal/2txefx#4506393,3,90.0,0.0,0.0,1.0,0.02,0.0,0.0,0.0,0.0,0.0,1.0,60.0,42.0,86.0,0.0,5.0,0.0,0.0,1.0,17.0,0.0,0.0,0.0,0.0,1.0,2.0,5.0,2.0,0.0,1.0,0.0,0.0,,1.0,100.0,0.0,0.0,,,,,,,,,,
24-25-prem-afc-bournemouth-vs-arsenal,/matches/afc-bournemouth-vs-arsenal/2txefx#4506393,81,45.0,0.0,0.0,0.0,0.0,0.0,0.0,0.0,0.0,0.0,0.0,18.0,9.0,75.0,0.0,3.0,0.0,,0.0,,1.0,100.0,1.0,0.0,0.0,0.0,0.0,0.0,0.0,1.0,0.0,1.0,100.0,0.0,0.0,0.0,0.0,,,,,,,,,,
24-25-prem-afc-bournemouth-vs-arsenal,/matches/afc-bournemouth-vs-arsenal/2txefx#4506393,24,90.0,0.0,0.0,0.0,0.0,0.01,0.0,0.0,0.0,0.0,1.0,47.0,29.0,91.0,0.0,3.0,0.0,0.0,1.0,100.0,0.0,0.0,2.0,1.0,5.0,0.0,1.0,1.0,3.0,4.0,5.0,3.0,38.0,1.0,100.0,1.0,1.0,,,,,,,,,,
24-25-prem-afc-bournemouth-vs-arsenal,/matches/afc-bournemouth-vs-arsenal/2txefx#4506393,80,27.0,0.0,0.0,0.0,0.0,0.0,0.0,0.0,1.0,0.0,1.0,12.0,2.0,67.0,0.0,1.0,0.0,0.0,0.0,,0.0,0.0,1.0,0.0,0.0,0.0,1.0,0.0,0.0,2.0,3.0,2.0,40.0,0.0,0.0,0.0,1.0,33.0,,,,,,,,,
24-25-prem-afc-bournemouth-vs-arsenal,/matches/afc-bournemouth-vs-arsenal/2txefx#4506393,8,43.0,0.0,0.0,0.0,0.0,0.0,0.0,0.0,1.0,0.0,0.0,24.0,13.0,76.0,0.0,1.0,0.0,,2.0,67.0,0.0,0.0,0.0,0.0,1.0,0.0,3.0,0.0,1.0,2.0,3.0,2.0,40.0,0.0,0.0,1.0,1.0,50.0,,,,,,,,,
24-25-prem-afc-bournemouth-vs-arsenal,/matches/afc-bournemouth-vs-arsenal/2txefx#4506393,23,64.0,0.0,0.0,0.0,0.0,0.01,0.0,0.0,0.0,0.0,1.0,31.0,12.0,63.0,0.0,0.0,0.0,0.0,1.0,25.0,1.0,50.0,2.0,2.0,5.0,0.0,1.0,0.0,1.0,2.0,5.0,2.0,33.0,0.0,0.0,0.0,0.0,,,,,,,,,,
24-25-prem-afc-bournemouth-vs-arsenal,/matches/afc-bournemouth-vs-arsenal/2txefx#4506393,186,37.0,0.0,0.0,0.0,0.0,0.0,0.0,0.0,1.0,0.0,5.0,15.0,6.0,60.0,0.0,0.0,0.0,,0.0,,0.0,0.0,0.0,0.0,1.0,0.0,0.0,0.0,1.0,1.0,3.0,1.0,25.0,0.0,0.0,0.0,1.0,100.0,,,,,,,,,
24-25-prem-afc-bournemouth-vs-arsenal,/matches/afc-bournemouth-vs-arsenal/2txefx#4506393,4,90.0,0.0,0.0,1.0,0.04,0.02,0.0,0.0,0.0,0.0,4.0,54.0,25.0,71.0,0.0,6.0,0.0,0.0,0.0,,0.0,0.0,0.0,0.0,1.0,0.0,4.0,3.0,0.0,6.0,12.0,0.0,0.0,6.0,46.0,0.0,3.0,0.0,,,,,,,,,
24-25-prem-afc-bournemouth-vs-arsenal,/matches/afc-bournemouth-vs-arsenal/2txefx#4506393,9,26.0,0.0,0.0,2.0,0.42,0.01,0.32,1.0,0.0,2.0,2.0,19.0,10.0,91.0,0.0,0.0,0.0,0.0,0.0,,0.0,0.0,0.0,0.0,0.0,0.0,0.0,0.0,1.0,0.0,4.0,0.0,0.0,0.0,0.0,0.0,0.0,0.0,,,,,,,,,
24-25-prem-afc-bournemouth-vs-arsenal,/matches/afc-bournemouth-vs-arsenal/2txefx#4506393,15,90.0,0.0,0.0,0.0,0.0,0.0,0.0,0.0,0.0,0.0,0.0,64.0,31.0,58.0,0.0,17.0,0.0,,10.0,33.0,0.0,0.0,0.0,0.0,10.0,0.0,2.0,0.0,0.0,0.0,1.0,0.0,0.0,0.0,,0.0,1.0,,2.0,2.0,1.65,0.35,1.0,2.0,10.0,31.0,
24-25-prem-afc-bournemouth-vs-arsenal,/matches/afc-bournemouth-vs-arsenal/2txefx#4506393,18,30.0,0.0,0.0,0.0,0.0,0.0,0.0,0.0,0.0,0.0,0.0,22.0,17.0,94.0,0.0,1.0,0.0,,1.0,50.0,1.0,100.0,1.0,1.0,1.0,0.0,1.0,0.0,0.0,1.0,1.0,1.0,50.0,0.0,0.0,0.0,1.0,,,,,,,,,,
24-25-prem-afc-bournemouth-vs-arsenal,/matches/afc-bournemouth-vs-arsenal/2txefx#4506393,65,8.0,0.0,0.0,0.0,0.0,0.0,0.0,0.0,1.0,0.0,0.0,10.0,2.0,33.0,0.0,3.0,0.0,,0.0,,0.0,0.0,0.0,0.0,0.0,0.0,0.0,0.0,0.0,5.0,2.0,2.0,50.0,3.0,100.0,1.0,1.0,50.0,,,,,,,,,
24-25-prem-afc-bournemouth-vs-arsenal,/matches/afc-bournemouth-vs-arsenal/2txefx#4506393,12,9.0,0.0,0.0,0.0,0.0,0.0,0.0,0.0,0.0,0.0,0.0,12.0,8.0,100.0,0.0,0.0,0.0,0.0,1.0,100.0,0.0,0.0,0.0,0.0,2.0,0.0,0.0,0.0,0.0,0.0,1.0,0.0,0.0,0.0,0.0,0.0,1.0,,,,,,,,,,
24-25-prem-fulham-vs-aston-villa,/matches/fulham-vs-aston-villa/3cnglp#4506394,57,90.0,0.0,1.0,0.0,0.0,0.32,0.0,0.0,1.0,0.0,1.0,92.0,62.0,91.0,4.0,13.0,3.0,30.0,4.0,80.0,1.0,50.0,2.0,1.0,6.0,0.0,3.0,2.0,0.0,6.0,3.0,5.0,63.0,1.0,100.0,2.0,2.0,100.0,,,,,,,,,
24-25-prem-fulham-vs-aston-villa,/matches/fulham-vs-aston-villa/3cnglp#4506394,47,90.0,0.0,0.0,0.0,0.0,0.0,0.0,0.0,0.0,0.0,0.0,38.0,27.0,87.0,0.0,4.0,0.0,,3.0,43.0,0.0,0.0,0.0,0.0,9.0,0.0,0.0,0.0,0.0,0.0,0.0,0.0,,0.0,,0.0,0.0,,3.0,1.0,1.44,0.44,1.0,2.0,3.0,27.0,
24-25-prem-fulham-vs-aston-villa,/matches/fulham-vs-aston-villa/3cnglp#4506394,54,83.0,1.0,0.0,3.0,0.65,0.19,0.33,1.0,1.0,1.0,6.0,40.0,19.0,79.0,1.0,3.0,0.0,,1.0,100.0,0.0,0.0,0.0,2.0,5.0,0.0,1.0,1.0,0.0,2.0,6.0,2.0,29.0,0.0,0.0,1.0,2.0,100.0,,,,,,,,,
24-25-prem-fulham-vs-aston-villa,/matches/fulham-vs-aston-villa/3cnglp#4506394,53,83.0,0.0,1.0,1.0,0.08,0.18,0.12,1.0,1.0,0.0,5.0,33.0,21.0,81.0,2.0,2.0,0.0,0.0,0.0,0.0,0.0,0.0,0.0,0.0,2.0,0.0,0.0,0.0,0.0,1.0,2.0,1.0,50.0,0.0,0.0,0.0,0.0,50.0,,,,,,,,,
24-25-prem-fulham-vs-aston-villa,/matches/fulham-vs-aston-villa/3cnglp#4506394,252,90.0,1.0,0.0,4.0,0.74,0.0,0.66,2.0,0.0,3.0,7.0,35.0,10.0,63.0,0.0,1.0,0.0,0.0,0.0,,2.0,100.0,2.0,1.0,2.0,1.0,0.0,0.0,0.0,8.0,5.0,4.0,50.0,4.0,80.0,2.0,2.0,0.0,,,,,,,,,
24-25-prem-fulham-vs-aston-villa,/matches/fulham-vs-aston-villa/3cnglp#4506394,233,75.0,0.0,0.0,0.0,0.0,0.03,0.0,0.0,1.0,0.0,1.0,41.0,31.0,94.0,1.0,3.0,0.0,,0.0,,1.0,50.0,2.0,3.0,3.0,0.0,0.0,0.0,1.0,4.0,1.0,4.0,80.0,0.0,0.0,1.0,0.0,100.0,,,,,,,,,
24-25-prem-fulham-vs-aston-villa,/matches/fulham-vs-aston-villa/3cnglp#4506394,58,75.0,1.0,0.0,2.0,0.41,0.0,0.69,2.0,0.0,1.0,4.0,17.0,5.0,56.0,0.0,1.0,0.0,,0.0,,0.0,0.0,0.0,0.0,0.0,0.0,0.0,0.0,0.0,1.0,3.0,1.0,25.0,0.0,0.0,1.0,0.0,0.0,,,,,,,,,
24-25-prem-fulham-vs-aston-villa,/matches/fulham-vs-aston-villa/3cnglp#4506394,247,90.0,0.0,0.0,0.0,0.0,0.2,0.0,0.0,2.0,0.0,1.0,67.0,43.0,86.0,1.0,7.0,1.0,20.0,0.0,0.0,2.0,67.0,3.0,0.0,3.0,0.0,1.0,0.0,1.0,5.0,3.0,5.0,71.0,0.0,0.0,0.0,0.0,100.0,,,,,,,,,
24-25-prem-fulham-vs-aston-villa,/matches/fulham-vs-aston-villa/3cnglp#4506394,52,90.0,0.0,0.0,1.0,0.12,0.02,0.0,0.0,1.0,0.0,1.0,57.0,43.0,88.0,0.0,8.0,0.0,,1.0,33.0,1.0,100.0,1.0,1.0,3.0,0.0,2.0,0.0,0.0,3.0,4.0,3.0,75.0,0.0,0.0,1.0,1.0,100.0,,,,,,,,,
24-25-prem-fulham-vs-aston-villa,/matches/fulham-vs-aston-villa/3cnglp#4506394,248,90.0,0.0,1.0,0.0,0.0,0.02,0.0,0.0,0.0,0.0,0.0,37.0,24.0,89.0,1.0,2.0,0.0,,3.0,50.0,0.0,0.0,0.0,0.0,5.0,0.0,2.0,0.0,0.0,0.0,0.0,0.0,,0.0,,0.0,0.0,,4.0,3.0,1.18,0.82,1.0,1.0,3.0,24.0,
24-25-prem-fulham-vs-aston-villa,/matches/fulham-vs-aston-villa/3cnglp#4506394,32,90.0,0.0,0.0,0.0,0.0,0.0,0.0,0.0,2.0,0.0,0.0,68.0,35.0,92.0,0.0,3.0,0.0,0.0,1.0,50.0,0.0,0.0,1.0,1.0,5.0,0.0,4.0,1.0,0.0,5.0,2.0,4.0,67.0,1.0,100.0,1.0,1.0,100.0,,,,,,,,,
24-25-prem-fulham-vs-aston-villa,/matches/fulham-vs-aston-villa/3cnglp#4506394,36,90.0,0.0,0.0,3.0,0.22,0.04,0.04,1.0,0.0,0.0,4.0,48.0,27.0,87.0,0.0,2.0,0.0,0.0,0.0,,0.0,0.0,0.0,1.0,1.0,1.0,3.0,2.0,0.0,1.0,5.0,0.0,0.0,1.0,25.0,0.0,2.0,,,,,,,,,,
24-25-prem-fulham-vs-aston-villa,/matches/fulham-vs-aston-villa/3cnglp#4506394,29,15.0,0.0,0.0,1.0,0.11,0.01,0.0,0.0,0.0,0.0,1.0,19.0,14.0,93.0,1.0,0.0,0.0,,0.0,,0.0,0.0,1.0,2.0,1.0,0.0,0.0,0.0,0.0,1.0,0.0,1.0,100.0,0.0,0.0,0.0,0.0,,,,,,,,,,
24-25-prem-fulham-vs-aston-villa,/matches/fulham-vs-aston-villa/3cnglp#4506394,239,68.0,0.0,0.0,0.0,0.0,0.27,0.0,0.0,0.0,0.0,4.0,18.0,8.0,89.0,2.0,1.0,0.0,0.0,0.0,,0.0,0.0,0.0,0.0,2.0,0.0,1.0,0.0,0.0,3.0,0.0,1.0,100.0,2.0,100.0,1.0,0.0,,,,,,,,,,
24-25-prem-fulham-vs-aston-villa,/matches/fulham-vs-aston-villa/3cnglp#4506394,35,90.0,0.0,0.0,0.0,0.0,0.01,0.0,0.0,0.0,0.0,0.0,60.0,48.0,94.0,0.0,6.0,0.0,,3.0,60.0,0.0,0.0,1.0,2.0,1.0,0.0,3.0,3.0,0.0,2.0,6.0,1.0,33.0,1.0,20.0,0.0,1.0,,,,,,,,,,
24-25-prem-fulham-vs-aston-villa,/matches/fulham-vs-aston-villa/3cnglp#4506394,243,10.0,0.0,0.0,0.0,0.0,0.31,0.0,0.0,1.0,0.0,0.0,22.0,19.0,95.0,1.0,3.0,1.0,100.0,1.0,50.0,0.0,0.0,0.0,0.0,0.0,0.0,0.0,0.0,0.0,1.0,0.0,1.0,100.0,0.0,0.0,0.0,0.0,100.0,,,,,,,,,
24-25-prem-fulham-vs-aston-villa,/matches/fulham-vs-aston-villa/3cnglp#4506394,10,22.0,0.0,0.0,0.0,0.0,0.11,0.0,0.0,0.0,0.0,1.0,26.0,14.0,93.0,2.0,0.0,2.0,50.0,0.0,,0.0,0.0,0.0,0.0,2.0,0.0,0.0,0.0,1.0,2.0,3.0,2.0,40.0,0.0,0.0,2.0,0.0,0.0,,,,,,,,,
24-25-prem-fulham-vs-aston-villa,/matches/fulham-vs-aston-villa/3cnglp#4506394,19,80.0,0.0,0.0,0.0,0.0,0.01,0.0,0.0,0.0,0.0,1.0,46.0,28.0,82.0,0.0,2.0,0.0,0.0,0.0,0.0,0.0,0.0,1.0,1.0,2.0,0.0,2.0,1.0,0.0,2.0,2.0,1.0,50.0,1.0,50.0,0.0,0.0,,,,,,,,,,
24-25-prem-fulham-vs-aston-villa,/matches/fulham-vs-aston-villa/3cnglp#4506394,259,10.0,0.0,0.0,0.0,0.0,0.01,0.0,0.0,0.0,0.0,0.0,13.0,8.0,100.0,0.0,0.0,0.0,0.0,0.0,,0.0,0.0,0.0,0.0,1.0,0.0,1.0,0.0,0.0,1.0,0.0,1.0,100.0,0.0,0.0,1.0,0.0,,,,,,,,,,
24-25-prem-fulham-vs-aston-villa,/matches/fulham-vs-aston-villa/3cnglp#4506394,255,90.0,0.0,0.0,1.0,0.02,0.07,0.0,0.0,0.0,0.0,3.0,66.0,31.0,84.0,0.0,4.0,1.0,17.0,2.0,33.0,3.0,60.0,5.0,2.0,3.0,0.0,4.0,3.0,1.0,7.0,3.0,5.0,63.0,2.0,100.0,0.0,1.0,0.0,,,,,,,,,
24-25-prem-fulham-vs-aston-villa,/matches/fulham-vs-aston-villa/3cnglp#4506394,28,61.0,0.0,0.0,1.0,0.02,0.05,0.0,0.0,1.0,0.0,3.0,38.0,13.0,93.0,1.0,2.0,0.0,0.0,1.0,100.0,0.0,0.0,0.0,1.0,3.0,0.0,2.0,1.0,1.0,1.0,8.0,1.0,13.0,0.0,0.0,0.0,0.0,33.0,,,,,,,,,
24-25-prem-fulham-vs-aston-villa,/matches/fulham-vs-aston-villa/3cnglp#4506394,257,90.0,0.0,0.0,2.0,0.07,0.04,0.0,0.0,0.0,0.0,3.0,52.0,29.0,91.0,0.0,5.0,1.0,100.0,3.0,75.0,1.0,100.0,1.0,2.0,4.0,1.0,3.0,3.0,1.0,4.0,1.0,2.0,67.0,2.0,100.0,1.0,0.0,,,,,,,,,,
24-25-prem-fulham-vs-aston-villa,/matches/fulham-vs-aston-villa/3cnglp#4506394,38,15.0,0.0,0.0,1.0,0.02,0.01,0.0,0.0,0.0,0.0,1.0,7.0,3.0,75.0,0.0,0.0,0.0,,0.0,,0.0,0.0,0.0,0.0,0.0,0.0,1.0,1.0,0.0,1.0,1.0,0.0,,1.0,50.0,0.0,0.0,,,,,,,,,,
24-25-prem-fulham-vs-aston-villa,/matches/fulham-vs-aston-villa/3cnglp#4506394,191,64.0,0.0,0.0,0.0,0.0,0.01,0.0,0.0,0.0,0.0,0.0,54.0,36.0,86.0,0.0,10.0,0.0,,4.0,40.0,1.0,100.0,1.0,3.0,3.0,0.0,5.0,3.0,0.0,2.0,1.0,1.0,50.0,1.0,100.0,0.0,1.0,,,,,,,,,,
24-25-prem-fulham-vs-aston-villa,/matches/fulham-vs-aston-villa/3cnglp#4506394,241,90.0,0.0,0.0,0.0,0.0,0.01,0.0,0.0,0.0,0.0,0.0,79.0,62.0,90.0,0.0,4.0,0.0,,6.0,67.0,1.0,100.0,1.0,1.0,5.0,1.0,2.0,1.0,0.0,2.0,2.0,2.0,67.0,0.0,0.0,1.0,0.0,,,,,,,,,,
24-25-prem-fulham-vs-aston-villa,/matches/fulham-vs-aston-villa/3cnglp#4506394,622,80.0,0.0,0.0,0.0,0.0,0.01,0.0,0.0,0.0,0.0,0.0,46.0,33.0,92.0,0.0,4.0,0.0,,1.0,50.0,1.0,50.0,2.0,4.0,4.0,1.0,0.0,0.0,2.0,3.0,6.0,3.0,33.0,0.0,0.0,1.0,3.0,,,,,,,,,,
24-25-prem-fulham-vs-aston-villa,/matches/fulham-vs-aston-villa/3cnglp#4506394,240,68.0,0.0,0.0,2.0,0.92,0.24,0.76,1.0,0.0,1.0,2.0,33.0,14.0,70.0,1.0,2.0,1.0,25.0,2.0,100.0,0.0,0.0,2.0,0.0,6.0,0.0,0.0,0.0,2.0,4.0,4.0,3.0,43.0,1.0,100.0,1.0,0.0,,,,,,,,,,
24-25-prem-fulham-vs-aston-villa,/matches/fulham-vs-aston-villa/3cnglp#4506394,245,22.0,0.0,0.0,1.0,0.03,0.0,0.02,1.0,0.0,0.0,2.0,23.0,18.0,95.0,0.0,2.0,0.0,,1.0,50.0,0.0,0.0,0.0,0.0,1.0,0.0,1.0,0.0,0.0,1.0,2.0,0.0,0.0,1.0,50.0,0.0,1.0,,,,,,,,,,
24-25-prem-fulham-vs-aston-villa,/matches/fulham-vs-aston-villa/3cnglp#4506394,569,28.0,0.0,0.0,1.0,0.04,0.0,0.0,0.0,0.0,0.0,0.0,8.0,2.0,67.0,0.0,0.0,0.0,,0.0,,1.0,100.0,1.0,0.0,1.0,0.0,0.0,0.0,0.0,1.0,3.0,1.0,25.0,0.0,0.0,0.0,2.0,0.0,,,,,,,,,
24-25-prem-fulham-vs-aston-villa,/matches/fulham-vs-aston-villa/3cnglp#4506394,48,7.0,0.0,0.0,0.0,0.0,0.01,0.0,0.0,0.0,0.0,0.0,5.0,4.0,100.0,1.0,0.0,0.0,,0.0,,0.0,0.0,1.0,0.0,0.0,0.0,0.0,0.0,0.0,1.0,0.0,1.0,100.0,0.0,0.0,0.0,0.0,,,,,,,,,,
24-25-prem-fulham-vs-aston-villa,/matches/fulham-vs-aston-villa/3cnglp#4506394,31,7.0,0.0,0.0,0.0,0.0,0.0,0.0,0.0,0.0,0.0,0.0,10.0,7.0,88.0,0.0,1.0,0.0,,1.0,100.0,1.0,100.0,1.0,0.0,1.0,0.0,0.0,0.0,1.0,2.0,1.0,2.0,67.0,0.0,0.0,1.0,0.0,,,,,,,,,,
24-25-prem-ipswich-town-vs-everton,/matches/everton-vs-ipswich-town/2uo0th#4506395,235,90.0,0.0,0.0,0.0,0.0,0.0,0.0,0.0,0.0,0.0,0.0,50.0,16.0,40.0,0.0,13.0,0.0,,4.0,14.0,0.0,0.0,0.0,0.0,12.0,0.0,3.0,0.0,0.0,1.0,0.0,1.0,100.0,0.0,,1.0,0.0,,2.0,0.0,0.32,0.32,2.0,0.0,4.0,16.0,
24-25-prem-ipswich-town-vs-everton,/matches/everton-vs-ipswich-town/2uo0th#4506395,238,90.0,0.0,0.0,1.0,0.06,0.1,0.13,1.0,1.0,0.0,0.0,71.0,38.0,79.0,2.0,11.0,0.0,,5.0,45.0,2.0,50.0,4.0,1.0,6.0,0.0,2.0,1.0,1.0,7.0,4.0,6.0,67.0,1.0,50.0,1.0,1.0,50.0,,,,,,,,,
24-25-prem-ipswich-town-vs-everton,/matches/everton-vs-ipswich-town/2uo0th#4506395,228,90.0,1.0,0.0,1.0,0.03,0.0,0.31,1.0,0.0,0.0,2.0,56.0,38.0,90.0,0.0,1.0,0.0,,5.0,83.0,1.0,100.0,1.0,1.0,2.0,1.0,7.0,5.0,0.0,1.0,3.0,1.0,50.0,0.0,0.0,0.0,1.0,,,,,,,,,,
24-25-prem-ipswich-town-vs-everton,/matches/everton-vs-ipswich-town/2uo0th#4506395,232,81.0,1.0,0.0,2.0,0.29,0.13,0.8,2.0,1.0,0.0,2.0,32.0,14.0,78.0,0.0,1.0,0.0,,0.0,,1.0,50.0,2.0,1.0,3.0,0.0,1.0,1.0,3.0,5.0,5.0,4.0,50.0,1.0,50.0,1.0,0.0,100.0,,,,,,,,,
24-25-prem-ipswich-town-vs-everton,/matches/everton-vs-ipswich-town/2uo0th#4506395,230,90.0,0.0,1.0,2.0,0.05,0.18,0.04,1.0,1.0,0.0,2.0,64.0,38.0,88.0,2.0,2.0,2.0,29.0,1.0,50.0,0.0,0.0,1.0,0.0,4.0,0.0,0.0,0.0,0.0,3.0,5.0,3.0,43.0,0.0,0.0,1.0,1.0,100.0,,,,,,,,,
24-25-prem-ipswich-town-vs-everton,/matches/everton-vs-ipswich-town/2uo0th#4506395,231,90.0,0.0,0.0,0.0,0.0,0.01,0.0,0.0,0.0,0.0,0.0,58.0,38.0,88.0,0.0,2.0,1.0,100.0,3.0,100.0,3.0,100.0,3.0,1.0,5.0,1.0,3.0,0.0,0.0,4.0,1.0,3.0,100.0,1.0,50.0,0.0,0.0,,,,,,,,,,
24-25-prem-ipswich-town-vs-everton,/matches/everton-vs-ipswich-town/2uo0th#4506395,224,90.0,0.0,0.0,0.0,0.0,0.21,0.0,0.0,2.0,0.0,7.0,57.0,17.0,63.0,1.0,3.0,0.0,0.0,1.0,25.0,1.0,50.0,2.0,0.0,3.0,0.0,5.0,3.0,1.0,8.0,5.0,8.0,62.0,0.0,0.0,4.0,0.0,40.0,,,,,,,,,
24-25-prem-ipswich-town-vs-everton,/matches/everton-vs-ipswich-town/2uo0th#4506395,236,90.0,0.0,0.0,0.0,0.0,0.0,0.0,0.0,1.0,0.0,2.0,47.0,28.0,82.0,0.0,4.0,0.0,,3.0,43.0,1.0,50.0,2.0,0.0,0.0,0.0,7.0,5.0,1.0,8.0,2.0,4.0,67.0,4.0,100.0,1.0,1.0,100.0,,,,,,,,,
24-25-prem-ipswich-town-vs-everton,/matches/everton-vs-ipswich-town/2uo0th#4506395,222,90.0,0.0,0.0,0.0,0.0,0.01,0.0,0.0,0.0,0.0,1.0,47.0,36.0,90.0,0.0,3.0,0.0,,2.0,67.0,2.0,100.0,2.0,1.0,5.0,0.0,0.0,0.0,1.0,4.0,3.0,3.0,50.0,1.0,100.0,1.0,2.0,,,,,,,,,,
24-25-prem-ipswich-town-vs-everton,/matches/everton-vs-ipswich-town/2uo0th#4506395,220,90.0,0.0,0.0,5.0,1.31,0.0,0.98,3.0,3.0,2.0,10.0,29.0,7.0,58.0,0.0,2.0,0.0,,0.0,0.0,0.0,0.0,0.0,0.0,5.0,0.0,1.0,1.0,0.0,5.0,10.0,4.0,50.0,1.0,14.0,1.0,1.0,60.0,,,,,,,,,
24-25-prem-ipswich-town-vs-everton,/matches/everton-vs-ipswich-town/2uo0th#4506395,217,90.0,0.0,0.0,0.0,0.0,0.07,0.0,0.0,0.0,0.0,1.0,59.0,45.0,88.0,2.0,4.0,0.0,,3.0,100.0,0.0,0.0,0.0,0.0,4.0,1.0,1.0,1.0,0.0,2.0,2.0,0.0,0.0,2.0,100.0,0.0,2.0,,,,,,,,,,
24-25-prem-ipswich-town-vs-everton,/matches/everton-vs-ipswich-town/2uo0th#4506395,631,71.0,0.0,0.0,1.0,0.28,0.01,0.0,0.0,2.0,1.0,3.0,36.0,15.0,83.0,0.0,0.0,0.0,0.0,0.0,,2.0,50.0,4.0,2.0,6.0,0.0,0.0,0.0,1.0,7.0,3.0,7.0,70.0,0.0,0.0,1.0,1.0,100.0,,,,,,,,,
24-25-prem-ipswich-town-vs-everton,/matches/everton-vs-ipswich-town/2uo0th#4506395,278,90.0,0.0,0.0,0.0,0.0,0.05,0.0,0.0,1.0,0.0,0.0,79.0,70.0,96.0,1.0,6.0,0.0,,2.0,67.0,3.0,100.0,3.0,0.0,8.0,0.0,1.0,0.0,1.0,4.0,4.0,4.0,57.0,0.0,0.0,0.0,2.0,100.0,,,,,,,,,
24-25-prem-ipswich-town-vs-everton,/matches/everton-vs-ipswich-town/2uo0th#4506395,263,90.0,0.0,0.0,2.0,0.11,0.01,0.0,0.0,0.0,0.0,3.0,100.0,67.0,81.0,0.0,11.0,0.0,,3.0,23.0,1.0,100.0,1.0,1.0,6.0,0.0,8.0,5.0,0.0,8.0,2.0,2.0,67.0,6.0,86.0,1.0,1.0,,,,,,,,,,
24-25-prem-ipswich-town-vs-everton,/matches/everton-vs-ipswich-town/2uo0th#4506395,267,90.0,0.0,0.0,0.0,0.0,0.23,0.0,0.0,0.0,0.0,0.0,65.0,31.0,84.0,3.0,3.0,2.0,22.0,1.0,50.0,1.0,100.0,1.0,2.0,5.0,0.0,1.0,0.0,1.0,3.0,3.0,2.0,40.0,1.0,100.0,1.0,0.0,0.0,,,,,,,,,
24-25-prem-ipswich-town-vs-everton,/matches/everton-vs-ipswich-town/2uo0th#4506395,568,90.0,0.0,0.0,0.0,0.0,0.0,0.0,0.0,0.0,0.0,0.0,30.0,9.0,69.0,0.0,1.0,0.0,,2.0,33.0,0.0,0.0,0.0,0.0,10.0,0.0,0.0,0.0,0.0,1.0,0.0,1.0,100.0,0.0,,1.0,0.0,,6.0,2.0,2.26,0.26,0.0,0.0,2.0,9.0,
24-25-prem-ipswich-town-vs-everton,/matches/everton-vs-ipswich-town/2uo0th#4506395,284,90.0,0.0,0.0,0.0,0.0,0.01,0.0,0.0,0.0,0.0,0.0,73.0,62.0,91.0,0.0,7.0,0.0,,2.0,33.0,1.0,100.0,1.0,2.0,4.0,0.0,2.0,1.0,1.0,3.0,2.0,1.0,33.0,2.0,100.0,0.0,1.0,,,,,,,,,,
24-25-prem-ipswich-town-vs-everton,/matches/everton-vs-ipswich-town/2uo0th#4506395,611,19.0,0.0,0.0,0.0,0.0,0.06,0.0,0.0,0.0,0.0,1.0,14.0,7.0,100.0,2.0,0.0,2.0,100.0,1.0,100.0,0.0,0.0,1.0,0.0,3.0,0.0,0.0,0.0,1.0,1.0,2.0,1.0,33.0,0.0,0.0,0.0,0.0,0.0,,,,,,,,,
24-25-prem-ipswich-town-vs-everton,/matches/everton-vs-ipswich-town/2uo0th#4506395,281,19.0,0.0,0.0,2.0,0.22,0.06,0.1,1.0,1.0,1.0,1.0,19.0,13.0,93.0,0.0,4.0,0.0,0.0,2.0,67.0,0.0,0.0,0.0,0.0,1.0,0.0,0.0,0.0,1.0,1.0,3.0,1.0,33.0,0.0,0.0,0.0,1.0,100.0,,,,,,,,,
24-25-prem-ipswich-town-vs-everton,/matches/everton-vs-ipswich-town/2uo0th#4506395,274,90.0,0.0,0.0,2.0,0.08,0.13,0.0,0.0,0.0,0.0,7.0,57.0,27.0,79.0,3.0,3.0,1.0,17.0,1.0,50.0,0.0,0.0,0.0,0.0,2.0,0.0,0.0,0.0,0.0,1.0,6.0,1.0,14.0,0.0,0.0,1.0,0.0,0.0,,,,,,,,,
24-25-prem-ipswich-town-vs-everton,/matches/everton-vs-ipswich-town/2uo0th#4506395,359,71.0,0.0,0.0,1.0,0.14,0.12,0.0,0.0,1.0,0.0,1.0,56.0,36.0,90.0,1.0,6.0,1.0,50.0,5.0,100.0,1.0,50.0,2.0,0.0,3.0,0.0,1.0,0.0,1.0,5.0,5.0,4.0,50.0,1.0,50.0,1.0,3.0,100.0,,,,,,,,,
24-25-prem-ipswich-town-vs-everton,/matches/everton-vs-ipswich-town/2uo0th#4506395,265,27.0,0.0,0.0,1.0,0.15,0.0,0.22,1.0,0.0,0.0,1.0,15.0,8.0,80.0,0.0,2.0,0.0,0.0,0.0,,0.0,0.0,0.0,0.0,0.0,0.0,0.0,0.0,0.0,1.0,1.0,1.0,50.0,0.0,0.0,1.0,0.0,0.0,,,,,,,,,
24-25-prem-ipswich-town-vs-everton,/matches/everton-vs-ipswich-town/2uo0th#4506395,266,27.0,0.0,0.0,0.0,0.0,0.02,0.0,0.0,0.0,0.0,0.0,27.0,19.0,95.0,0.0,4.0,0.0,0.0,1.0,100.0,0.0,0.0,0.0,0.0,0.0,0.0,0.0,0.0,0.0,0.0,1.0,0.0,0.0,0.0,0.0,0.0,1.0,,,,,,,,,,
24-25-prem-ipswich-town-vs-everton,/matches/everton-vs-ipswich-town/2uo0th#4506395,272,11.0,0.0,0.0,0.0,0.0,0.0,0.0,0.0,0.0,0.0,1.0,3.0,2.0,67.0,0.0,0.0,0.0,,0.0,,0.0,0.0,0.0,0.0,0.0,0.0,0.0,0.0,0.0,0.0,0.0,0.0,,0.0,0.0,0.0,0.0,,,,,,,,,,
24-25-prem-ipswich-town-vs-everton,/matches/everton-vs-ipswich-town/2uo0th#4506395,268,79.0,0.0,0.0,3.0,0.2,0.01,0.0,0.0,2.0,0.0,4.0,29.0,8.0,73.0,0.0,0.0,0.0,,0.0,,0.0,0.0,0.0,0.0,0.0,0.0,2.0,0.0,1.0,5.0,10.0,4.0,36.0,1.0,25.0,2.0,2.0,40.0,,,,,,,,,
24-25-prem-ipswich-town-vs-everton,/matches/everton-vs-ipswich-town/2uo0th#4506395,630,63.0,0.0,0.0,1.0,0.09,0.01,0.0,0.0,0.0,0.0,1.0,52.0,33.0,85.0,0.0,9.0,0.0,,2.0,40.0,0.0,0.0,0.0,2.0,1.0,0.0,2.0,2.0,0.0,1.0,4.0,0.0,0.0,1.0,25.0,0.0,0.0,,,,,,,,,,
24-25-prem-ipswich-town-vs-everton,/matches/everton-vs-ipswich-town/2uo0th#4506395,264,63.0,0.0,0.0,0.0,0.0,0.1,0.0,0.0,0.0,0.0,1.0,22.0,12.0,86.0,1.0,2.0,0.0,0.0,0.0,0.0,0.0,0.0,0.0,0.0,1.0,0.0,0.0,0.0,1.0,0.0,4.0,0.0,0.0,0.0,0.0,0.0,0.0,,,,,,,,,,
24-25-prem-ipswich-town-vs-everton,/matches/everton-vs-ipswich-town/2uo0th#4506395,651,9.0,0.0,0.0,0.0,0.0,0.0,0.0,0.0,0.0,0.0,0.0,9.0,4.0,80.0,0.0,0.0,0.0,,0.0,,1.0,100.0,1.0,1.0,1.0,0.0,1.0,1.0,0.0,2.0,1.0,2.0,67.0,0.0,0.0,1.0,1.0,,,,,,,,,,
24-25-prem-liverpool-vs-chelsea,/matches/chelsea-vs-liverpool/2f3vr7#4506396,324,81.0,1.0,0.0,2.0,0.8,0.01,1.12,2.0,1.0,1.0,4.0,56.0,37.0,90.0,2.0,6.0,0.0,,2.0,67.0,2.0,67.0,3.0,1.0,6.0,1.0,0.0,0.0,1.0,6.0,3.0,6.0,75.0,0.0,0.0,2.0,0.0,50.0,,,,,,,,,
24-25-prem-liverpool-vs-chelsea,/matches/chelsea-vs-liverpool/2f3vr7#4506396,328,90.0,1.0,1.0,2.0,0.8,0.12,0.79,1.0,3.0,0.0,5.0,46.0,15.0,56.0,2.0,8.0,1.0,100.0,1.0,25.0,0.0,0.0,1.0,1.0,6.0,0.0,0.0,0.0,0.0,5.0,5.0,5.0,56.0,0.0,0.0,1.0,0.0,75.0,,,,,,,,,
24-25-prem-liverpool-vs-chelsea,/matches/chelsea-vs-liverpool/2f3vr7#4506396,180,90.0,1.0,0.0,2.0,0.33,0.0,0.81,1.0,1.0,0.0,2.0,19.0,7.0,64.0,0.0,1.0,0.0,,0.0,,0.0,0.0,0.0,0.0,0.0,0.0,0.0,0.0,0.0,1.0,2.0,1.0,50.0,0.0,0.0,0.0,0.0,50.0,,,,,,,,,
24-25-prem-liverpool-vs-chelsea,/matches/chelsea-vs-liverpool/2f3vr7#4506396,157,90.0,0.0,1.0,0.0,0.0,0.32,0.0,0.0,1.0,0.0,2.0,63.0,43.0,83.0,2.0,10.0,0.0,0.0,2.0,50.0,1.0,100.0,1.0,0.0,4.0,0.0,0.0,0.0,0.0,5.0,4.0,5.0,56.0,0.0,0.0,3.0,2.0,100.0,,,,,,,,,
24-25-prem-liverpool-vs-chelsea,/matches/chelsea-vs-liverpool/2f3vr7#4506396,311,81.0,0.0,0.0,0.0,0.0,0.0,0.0,0.0,0.0,0.0,0.0,48.0,19.0,70.0,0.0,5.0,0.0,0.0,1.0,17.0,4.0,100.0,4.0,1.0,2.0,1.0,4.0,3.0,1.0,5.0,3.0,5.0,71.0,0.0,0.0,1.0,0.0,0.0,,,,,,,,,
24-25-prem-liverpool-vs-chelsea,/matches/chelsea-vs-liverpool/2f3vr7#4506396,335,90.0,0.0,0.0,0.0,0.0,0.01,0.0,0.0,0.0,0.0,0.0,62.0,41.0,89.0,1.0,7.0,0.0,0.0,6.0,67.0,2.0,67.0,3.0,0.0,2.0,1.0,2.0,1.0,1.0,3.0,1.0,3.0,75.0,0.0,0.0,0.0,0.0,,,,,,,,,,
24-25-prem-liverpool-vs-chelsea,/matches/chelsea-vs-liverpool/2f3vr7#4506396,339,90.0,0.0,0.0,1.0,0.02,0.0,0.0,0.0,0.0,0.0,1.0,70.0,54.0,86.0,0.0,6.0,0.0,,3.0,33.0,1.0,100.0,1.0,1.0,2.0,0.0,4.0,1.0,0.0,2.0,0.0,1.0,100.0,1.0,100.0,0.0,0.0,,,,,,,,,,
24-25-prem-liverpool-vs-chelsea,/matches/chelsea-vs-liverpool/2f3vr7#4506396,323,90.0,0.0,0.0,0.0,0.0,0.0,0.0,0.0,0.0,0.0,0.0,48.0,34.0,87.0,0.0,2.0,0.0,,0.0,0.0,1.0,100.0,1.0,0.0,6.0,0.0,3.0,2.0,0.0,4.0,3.0,2.0,40.0,2.0,100.0,1.0,3.0,,,,,,,,,,
24-25-prem-liverpool-vs-chelsea,/matches/chelsea-vs-liverpool/2f3vr7#4506396,171,90.0,0.0,0.0,2.0,0.07,0.04,0.0,0.0,1.0,0.0,4.0,84.0,54.0,93.0,0.0,5.0,1.0,33.0,0.0,0.0,3.0,100.0,3.0,4.0,4.0,0.0,0.0,0.0,1.0,4.0,6.0,4.0,44.0,0.0,0.0,0.0,1.0,33.0,,,,,,,,,
24-25-prem-liverpool-vs-chelsea,/matches/chelsea-vs-liverpool/2f3vr7#4506396,174,53.0,0.0,0.0,0.0,0.0,0.01,0.0,0.0,3.0,0.0,0.0,34.0,21.0,95.0,0.0,1.0,0.0,,0.0,,1.0,50.0,2.0,2.0,2.0,0.0,0.0,0.0,1.0,6.0,2.0,5.0,71.0,1.0,100.0,0.0,0.0,100.0,,,,,,,,,
24-25-prem-liverpool-vs-chelsea,/matches/chelsea-vs-liverpool/2f3vr7#4506396,316,60.0,0.0,0.0,0.0,0.0,0.0,0.0,0.0,0.0,0.0,0.0,20.0,6.0,75.0,0.0,1.0,0.0,,1.0,100.0,3.0,100.0,3.0,0.0,3.0,0.0,2.0,2.0,1.0,9.0,8.0,7.0,58.0,2.0,40.0,4.0,3.0,,,,,,,,,,
24-25-prem-liverpool-vs-chelsea,/matches/chelsea-vs-liverpool/2f3vr7#4506396,153,37.0,0.0,0.0,0.0,0.0,0.0,0.0,0.0,0.0,0.0,0.0,48.0,42.0,98.0,0.0,3.0,0.0,,3.0,100.0,1.0,100.0,1.0,1.0,1.0,0.0,2.0,2.0,0.0,4.0,2.0,2.0,50.0,2.0,100.0,1.0,2.0,,,,,,,,,,
24-25-prem-liverpool-vs-chelsea,/matches/chelsea-vs-liverpool/2f3vr7#4506396,177,76.0,0.0,0.0,1.0,0.02,0.06,0.05,1.0,2.0,0.0,6.0,37.0,23.0,92.0,1.0,0.0,0.0,,0.0,,1.0,100.0,1.0,0.0,3.0,0.0,0.0,0.0,0.0,4.0,5.0,3.0,38.0,1.0,100.0,0.0,1.0,40.0,,,,,,,,,
24-25-prem-liverpool-vs-chelsea,/matches/chelsea-vs-liverpool/2f3vr7#4506396,185,90.0,0.0,0.0,0.0,0.0,0.01,0.0,0.0,0.0,0.0,0.0,47.0,29.0,81.0,0.0,5.0,0.0,,4.0,44.0,0.0,0.0,0.0,0.0,14.0,0.0,2.0,0.0,0.0,0.0,0.0,0.0,,0.0,,0.0,0.0,,3.0,2.0,2.01,0.01,1.0,0.0,4.0,29.0,
24-25-prem-liverpool-vs-chelsea,/matches/chelsea-vs-liverpool/2f3vr7#4506396,321,66.0,0.0,0.0,1.0,0.02,0.15,0.0,0.0,0.0,0.0,2.0,24.0,8.0,73.0,1.0,1.0,0.0,0.0,1.0,100.0,1.0,50.0,2.0,0.0,3.0,0.0,0.0,0.0,1.0,4.0,5.0,3.0,43.0,1.0,50.0,1.0,2.0,0.0,,,,,,,,,
24-25-prem-liverpool-vs-chelsea,/matches/chelsea-vs-liverpool/2f3vr7#4506396,172,53.0,0.0,0.0,0.0,0.0,0.01,0.0,0.0,0.0,0.0,0.0,61.0,40.0,91.0,0.0,9.0,0.0,0.0,1.0,25.0,1.0,100.0,1.0,1.0,1.0,0.0,0.0,0.0,0.0,3.0,2.0,2.0,67.0,1.0,50.0,1.0,1.0,,,,,,,,,,
24-25-prem-liverpool-vs-chelsea,/matches/chelsea-vs-liverpool/2f3vr7#4506396,327,24.0,0.0,0.0,2.0,0.07,0.01,0.04,1.0,1.0,0.0,1.0,16.0,9.0,82.0,0.0,1.0,0.0,,0.0,,0.0,0.0,1.0,0.0,2.0,0.0,0.0,0.0,1.0,3.0,3.0,3.0,60.0,0.0,0.0,1.0,1.0,100.0,,,,,,,,,
24-25-prem-liverpool-vs-chelsea,/matches/chelsea-vs-liverpool/2f3vr7#4506396,325,90.0,0.0,0.0,0.0,0.0,0.0,0.0,0.0,0.0,0.0,0.0,45.0,24.0,60.0,0.0,7.0,0.0,,4.0,20.0,0.0,0.0,0.0,0.0,10.0,0.0,0.0,0.0,0.0,0.0,0.0,0.0,,0.0,,0.0,0.0,,1.0,1.0,0.86,0.14,0.0,0.0,4.0,24.0,
24-25-prem-liverpool-vs-chelsea,/matches/chelsea-vs-liverpool/2f3vr7#4506396,560,45.0,0.0,0.0,1.0,0.02,0.09,0.0,0.0,0.0,0.0,0.0,30.0,17.0,81.0,3.0,0.0,2.0,67.0,0.0,0.0,0.0,0.0,0.0,0.0,1.0,0.0,0.0,0.0,1.0,2.0,3.0,1.0,25.0,1.0,100.0,1.0,0.0,0.0,,,,,,,,,
24-25-prem-liverpool-vs-chelsea,/matches/chelsea-vs-liverpool/2f3vr7#4506396,326,90.0,0.0,0.0,0.0,0.0,0.0,0.0,0.0,0.0,0.0,0.0,46.0,36.0,90.0,0.0,0.0,0.0,,0.0,0.0,1.0,100.0,1.0,0.0,0.0,0.0,2.0,1.0,1.0,1.0,3.0,1.0,33.0,0.0,0.0,0.0,1.0,,,,,,,,,,
24-25-prem-liverpool-vs-chelsea,/matches/chelsea-vs-liverpool/2f3vr7#4506396,162,90.0,0.0,0.0,0.0,0.0,0.01,0.0,0.0,1.0,0.0,0.0,91.0,70.0,88.0,0.0,8.0,0.0,,5.0,71.0,2.0,100.0,2.0,0.0,7.0,0.0,3.0,0.0,1.0,5.0,7.0,4.0,44.0,1.0,33.0,1.0,3.0,100.0,,,,,,,,,
24-25-prem-liverpool-vs-chelsea,/matches/chelsea-vs-liverpool/2f3vr7#4506396,336,90.0,0.0,0.0,1.0,0.22,0.02,0.06,1.0,0.0,0.0,4.0,49.0,31.0,82.0,0.0,6.0,0.0,,1.0,50.0,0.0,0.0,0.0,1.0,3.0,1.0,1.0,1.0,3.0,0.0,7.0,0.0,0.0,0.0,0.0,0.0,1.0,,,,,,,,,,
24-25-prem-liverpool-vs-chelsea,/matches/chelsea-vs-liverpool/2f3vr7#4506396,187,53.0,0.0,0.0,0.0,0.0,0.0,0.0,0.0,0.0,0.0,0.0,49.0,43.0,93.0,0.0,2.0,0.0,,1.0,50.0,0.0,0.0,0.0,0.0,2.0,0.0,2.0,1.0,0.0,0.0,1.0,0.0,0.0,0.0,0.0,0.0,1.0,,,,,,,,,,
24-25-prem-liverpool-vs-chelsea,/matches/chelsea-vs-liverpool/2f3vr7#4506396,182,90.0,0.0,0.0,4.0,0.38,0.17,0.0,0.0,1.0,1.0,4.0,47.0,24.0,89.0,1.0,4.0,1.0,33.0,3.0,75.0,0.0,0.0,0.0,0.0,3.0,0.0,0.0,0.0,1.0,4.0,5.0,4.0,44.0,0.0,0.0,3.0,0.0,25.0,,,,,,,,,
24-25-prem-liverpool-vs-chelsea,/matches/chelsea-vs-liverpool/2f3vr7#4506396,184,37.0,0.0,0.0,1.0,0.12,0.14,0.0,0.0,0.0,1.0,1.0,37.0,20.0,71.0,0.0,4.0,0.0,,1.0,25.0,0.0,0.0,0.0,0.0,1.0,0.0,1.0,1.0,0.0,3.0,3.0,1.0,25.0,2.0,100.0,1.0,1.0,0.0,,,,,,,,,
24-25-prem-liverpool-vs-chelsea,/matches/chelsea-vs-liverpool/2f3vr7#4506396,168,37.0,0.0,0.0,0.0,0.0,0.01,0.0,0.0,0.0,0.0,1.0,26.0,18.0,86.0,1.0,4.0,0.0,0.0,1.0,33.0,0.0,0.0,1.0,0.0,3.0,0.0,0.0,0.0,0.0,1.0,2.0,1.0,50.0,0.0,0.0,0.0,0.0,,,,,,,,,,
24-25-prem-liverpool-vs-chelsea,/matches/chelsea-vs-liverpool/2f3vr7#4506396,181,14.0,0.0,0.0,1.0,0.05,0.01,0.0,0.0,0.0,0.0,1.0,11.0,7.0,100.0,0.0,0.0,0.0,,0.0,,0.0,0.0,0.0,0.0,0.0,0.0,1.0,1.0,0.0,2.0,2.0,1.0,33.0,1.0,100.0,1.0,1.0,0.0,,,,,,,,,
24-25-prem-liverpool-vs-chelsea,/matches/chelsea-vs-liverpool/2f3vr7#4506396,386,45.0,0.0,0.0,0.0,0.0,0.03,0.0,0.0,0.0,0.0,5.0,26.0,18.0,86.0,0.0,0.0,0.0,,1.0,100.0,0.0,0.0,0.0,0.0,2.0,0.0,0.0,0.0,0.0,0.0,3.0,0.0,0.0,0.0,0.0,0.0,0.0,0.0,,,,,,,,,
24-25-prem-liverpool-vs-chelsea,/matches/chelsea-vs-liverpool/2f3vr7#4506396,317,30.0,0.0,0.0,0.0,0.0,0.0,0.0,0.0,0.0,0.0,0.0,7.0,2.0,100.0,0.0,1.0,0.0,,0.0,,0.0,0.0,0.0,0.0,0.0,0.0,0.0,0.0,0.0,1.0,2.0,1.0,33.0,0.0,0.0,1.0,0.0,,,,,,,,,,
24-25-prem-liverpool-vs-chelsea,/matches/chelsea-vs-liverpool/2f3vr7#4506396,322,9.0,0.0,0.0,0.0,0.0,0.0,0.0,0.0,0.0,0.0,0.0,13.0,2.0,33.0,0.0,2.0,0.0,,0.0,0.0,2.0,67.0,3.0,1.0,2.0,0.0,0.0,0.0,0.0,4.0,0.0,4.0,100.0,0.0,0.0,1.0,0.0,,,,,,,,,,
24-25-prem-liverpool-vs-chelsea,/matches/chelsea-vs-liverpool/2f3vr7#4506396,329,9.0,0.0,0.0,0.0,0.0,0.01,0.0,0.0,0.0,0.0,0.0,12.0,8.0,80.0,0.0,1.0,0.0,,2.0,100.0,1.0,50.0,2.0,0.0,1.0,0.0,0.0,0.0,0.0,2.0,1.0,2.0,67.0,0.0,0.0,0.0,1.0,,,,,,,,,,
24-25-prem-manchester-united-vs-brentford,/matches/brentford-vs-manchester-united/3dfzjk#4506397,372,89.0,1.0,0.0,8.0,0.39,0.04,0.87,5.0,2.0,0.0,10.0,51.0,22.0,79.0,2.0,0.0,0.0,0.0,3.0,75.0,3.0,100.0,3.0,2.0,7.0,0.0,0.0,0.0,5.0,6.0,9.0,6.0,46.0,0.0,0.0,1.0,0.0,50.0,,,,,,,,,
24-25-prem-manchester-united-vs-brentford,/matches/brentford-vs-manchester-united/3dfzjk#4506397,366,90.0,0.0,1.0,5.0,0.12,0.05,0.24,2.0,0.0,0.0,3.0,74.0,49.0,86.0,2.0,8.0,0.0,0.0,1.0,25.0,2.0,50.0,4.0,0.0,7.0,0.0,2.0,1.0,1.0,6.0,3.0,4.0,57.0,2.0,100.0,0.0,0.0,,,,,,,,,,
24-25-prem-manchester-united-vs-brentford,/matches/brentford-vs-manchester-united/3dfzjk#4506397,368,88.0,0.0,0.0,3.0,0.07,0.19,0.07,1.0,1.0,0.0,2.0,76.0,46.0,84.0,4.0,9.0,1.0,100.0,3.0,60.0,3.0,60.0,5.0,1.0,6.0,1.0,4.0,4.0,2.0,11.0,5.0,7.0,58.0,4.0,100.0,2.0,2.0,100.0,,,,,,,,,
24-25-prem-manchester-united-vs-brentford,/matches/brentford-vs-manchester-united/3dfzjk#4506397,104,90.0,1.0,0.0,1.0,0.42,0.13,0.97,1.0,0.0,0.0,1.0,88.0,62.0,95.0,1.0,7.0,1.0,100.0,5.0,63.0,2.0,50.0,4.0,2.0,3.0,1.0,8.0,3.0,0.0,6.0,5.0,4.0,100.0,2.0,29.0,0.0,0.0,,,,,,,,,,
24-25-prem-manchester-united-vs-brentford,/matches/brentford-vs-manchester-united/3dfzjk#4506397,385,90.0,0.0,1.0,2.0,0.07,0.35,0.0,0.0,0.0,0.0,7.0,62.0,40.0,89.0,4.0,5.0,2.0,50.0,2.0,67.0,1.0,100.0,1.0,0.0,0.0,0.0,2.0,0.0,0.0,2.0,5.0,1.0,20.0,1.0,50.0,0.0,0.0,0.0,,,,,,,,,
24-25-prem-manchester-united-vs-brentford,/matches/brentford-vs-manchester-united/3dfzjk#4506397,375,74.0,1.0,0.0,2.0,0.42,0.01,0.65,1.0,2.0,0.0,6.0,33.0,14.0,70.0,1.0,3.0,0.0,,0.0,,0.0,0.0,0.0,0.0,2.0,0.0,0.0,0.0,0.0,6.0,11.0,3.0,60.0,3.0,25.0,1.0,0.0,67.0,,,,,,,,,
24-25-prem-manchester-united-vs-brentford,/matches/brentford-vs-manchester-united/3dfzjk#4506397,380,90.0,0.0,0.0,1.0,0.02,0.02,0.01,1.0,0.0,0.0,1.0,63.0,33.0,79.0,1.0,9.0,0.0,,2.0,40.0,2.0,67.0,3.0,2.0,2.0,0.0,2.0,1.0,2.0,4.0,2.0,3.0,60.0,1.0,100.0,0.0,0.0,,,,,,,,,,
24-25-prem-manchester-united-vs-brentford,/matches/brentford-vs-manchester-united/3dfzjk#4506397,593,90.0,0.0,0.0,0.0,0.0,0.01,0.0,0.0,0.0,0.0,0.0,54.0,41.0,95.0,1.0,4.0,1.0,100.0,1.0,50.0,2.0,67.0,3.0,3.0,5.0,0.0,3.0,2.0,0.0,5.0,3.0,3.0,75.0,2.0,50.0,0.0,1.0,,,,,,,,,,
24-25-prem-manchester-united-vs-brentford,/matches/brentford-vs-manchester-united/3dfzjk#4506397,370,90.0,0.0,0.0,1.0,0.07,0.08,0.0,0.0,0.0,0.0,3.0,62.0,41.0,95.0,4.0,6.0,2.0,22.0,2.0,67.0,1.0,50.0,2.0,0.0,2.0,0.0,3.0,1.0,2.0,4.0,3.0,3.0,50.0,1.0,100.0,1.0,0.0,,,,,,,,,,
24-25-prem-manchester-united-vs-brentford,/matches/brentford-vs-manchester-united/3dfzjk#4506397,88,90.0,0.0,0.0,0.0,0.0,0.03,0.0,0.0,1.0,0.0,2.0,98.0,72.0,89.0,2.0,8.0,0.0,,1.0,20.0,0.0,0.0,0.0,2.0,5.0,2.0,7.0,4.0,1.0,9.0,2.0,2.0,67.0,7.0,88.0,1.0,0.0,100.0,,,,,,,,,
24-25-prem-manchester-united-vs-brentford,/matches/brentford-vs-manchester-united/3dfzjk#4506397,89,90.0,0.0,1.0,1.0,0.08,0.24,0.0,0.0,3.0,0.0,1.0,71.0,35.0,73.0,1.0,8.0,2.0,33.0,1.0,20.0,1.0,100.0,1.0,0.0,6.0,0.0,3.0,1.0,2.0,4.0,7.0,4.0,40.0,0.0,0.0,0.0,1.0,60.0,,,,,,,,,
24-25-prem-manchester-united-vs-brentford,/matches/brentford-vs-manchester-united/3dfzjk#4506397,369,90.0,0.0,0.0,1.0,0.17,0.01,0.15,1.0,0.0,1.0,1.0,52.0,33.0,92.0,0.0,5.0,0.0,0.0,2.0,67.0,0.0,0.0,0.0,0.0,7.0,0.0,3.0,1.0,0.0,4.0,2.0,0.0,0.0,4.0,80.0,0.0,1.0,,,,,,,,,,
24-25-prem-manchester-united-vs-brentford,/matches/brentford-vs-manchester-united/3dfzjk#4506397,371,89.0,0.0,0.0,0.0,0.0,0.01,0.0,0.0,0.0,0.0,1.0,66.0,55.0,92.0,0.0,2.0,0.0,,1.0,100.0,1.0,50.0,2.0,0.0,6.0,0.0,4.0,2.0,0.0,4.0,1.0,2.0,100.0,2.0,67.0,0.0,0.0,,,,,,,,,,
24-25-prem-manchester-united-vs-brentford,/matches/brentford-vs-manchester-united/3dfzjk#4506397,383,90.0,0.0,0.0,0.0,0.0,0.19,0.0,0.0,0.0,0.0,0.0,50.0,26.0,59.0,1.0,12.0,0.0,,12.0,40.0,0.0,0.0,0.0,0.0,7.0,0.0,0.0,0.0,0.0,0.0,0.0,0.0,,0.0,,0.0,0.0,,1.0,1.0,1.06,0.06,1.0,1.0,12.0,26.0,
24-25-prem-manchester-united-vs-brentford,/matches/brentford-vs-manchester-united/3dfzjk#4506397,91,90.0,0.0,0.0,0.0,0.0,0.0,0.0,0.0,0.0,0.0,0.0,58.0,28.0,76.0,0.0,8.0,0.0,,5.0,36.0,0.0,0.0,0.0,0.0,11.0,0.0,4.0,0.0,0.0,1.0,0.0,0.0,,1.0,100.0,0.0,0.0,,9.0,2.0,1.99,0.01,1.0,0.0,5.0,28.0,
24-25-prem-manchester-united-vs-brentford,/matches/brentford-vs-manchester-united/3dfzjk#4506397,99,90.0,0.0,0.0,1.0,0.03,0.05,0.0,0.0,4.0,0.0,1.0,57.0,20.0,71.0,2.0,2.0,2.0,100.0,1.0,33.0,2.0,100.0,2.0,0.0,8.0,1.0,2.0,2.0,0.0,7.0,8.0,7.0,58.0,0.0,0.0,1.0,0.0,67.0,,,,,,,,,
24-25-prem-manchester-united-vs-brentford,/matches/brentford-vs-manchester-united/3dfzjk#4506397,101,90.0,0.0,0.0,1.0,0.02,0.04,0.1,1.0,1.0,0.0,1.0,74.0,47.0,90.0,0.0,5.0,0.0,,0.0,0.0,3.0,100.0,3.0,2.0,9.0,1.0,2.0,1.0,0.0,6.0,7.0,4.0,40.0,2.0,67.0,0.0,3.0,50.0,,,,,,,,,
24-25-prem-manchester-united-vs-brentford,/matches/brentford-vs-manchester-united/3dfzjk#4506397,338,87.0,0.0,0.0,0.0,0.0,0.0,0.0,0.0,2.0,0.0,2.0,56.0,28.0,82.0,0.0,3.0,0.0,0.0,0.0,,0.0,0.0,1.0,3.0,2.0,1.0,2.0,2.0,1.0,5.0,4.0,3.0,60.0,2.0,50.0,0.0,0.0,67.0,,,,,,,,,
24-25-prem-manchester-united-vs-brentford,/matches/brentford-vs-manchester-united/3dfzjk#4506397,86,90.0,0.0,0.0,0.0,0.0,0.02,0.0,0.0,0.0,0.0,1.0,57.0,42.0,88.0,0.0,7.0,0.0,,3.0,75.0,1.0,100.0,1.0,0.0,2.0,0.0,2.0,0.0,1.0,3.0,3.0,1.0,50.0,2.0,50.0,0.0,0.0,,,,,,,,,,
24-25-prem-manchester-united-vs-brentford,/matches/brentford-vs-manchester-united/3dfzjk#4506397,94,75.0,0.0,0.0,0.0,0.0,0.16,0.0,0.0,0.0,0.0,0.0,40.0,35.0,95.0,1.0,3.0,0.0,0.0,3.0,75.0,0.0,0.0,0.0,0.0,5.0,0.0,1.0,0.0,0.0,0.0,1.0,0.0,,0.0,0.0,0.0,0.0,,,,,,,,,,
24-25-prem-manchester-united-vs-brentford,/matches/brentford-vs-manchester-united/3dfzjk#4506397,111,15.0,0.0,0.0,0.0,0.0,0.01,0.0,0.0,0.0,0.0,0.0,24.0,13.0,81.0,0.0,1.0,0.0,,0.0,,1.0,100.0,1.0,1.0,4.0,0.0,0.0,0.0,0.0,1.0,3.0,1.0,25.0,0.0,0.0,0.0,0.0,0.0,,,,,,,,,
24-25-prem-manchester-united-vs-brentford,/matches/brentford-vs-manchester-united/3dfzjk#4506397,106,74.0,0.0,0.0,1.0,0.09,0.01,0.0,0.0,0.0,1.0,1.0,28.0,13.0,81.0,0.0,1.0,0.0,0.0,0.0,0.0,1.0,100.0,1.0,0.0,2.0,0.0,0.0,0.0,0.0,4.0,8.0,2.0,29.0,2.0,40.0,1.0,0.0,0.0,,,,,,,,,
24-25-prem-manchester-united-vs-brentford,/matches/brentford-vs-manchester-united/3dfzjk#4506397,110,24.0,0.0,0.0,0.0,0.0,0.01,0.0,0.0,0.0,0.0,1.0,9.0,5.0,83.0,0.0,0.0,0.0,,0.0,,0.0,0.0,0.0,0.0,0.0,0.0,0.0,0.0,0.0,0.0,1.0,0.0,0.0,0.0,0.0,0.0,0.0,0.0,,,,,,,,,
24-25-prem-manchester-united-vs-brentford,/matches/brentford-vs-manchester-united/3dfzjk#4506397,98,66.0,0.0,0.0,1.0,0.06,0.01,0.0,0.0,1.0,0.0,1.0,19.0,9.0,90.0,0.0,1.0,0.0,0.0,0.0,0.0,0.0,0.0,1.0,0.0,1.0,0.0,0.0,0.0,0.0,3.0,6.0,3.0,50.0,0.0,0.0,1.0,1.0,50.0,,,,,,,,,
24-25-prem-manchester-united-vs-brentford,/matches/brentford-vs-manchester-united/3dfzjk#4506397,314,16.0,0.0,0.0,2.0,0.16,0.0,0.0,0.0,0.0,0.0,2.0,7.0,1.0,33.0,0.0,0.0,0.0,,0.0,,0.0,0.0,0.0,0.0,1.0,0.0,0.0,0.0,0.0,0.0,2.0,0.0,0.0,0.0,0.0,0.0,0.0,,,,,,,,,,
24-25-prem-manchester-united-vs-brentford,/matches/brentford-vs-manchester-united/3dfzjk#4506397,389,16.0,0.0,0.0,0.0,0.0,0.02,0.0,0.0,0.0,0.0,1.0,14.0,5.0,56.0,0.0,1.0,0.0,,0.0,,0.0,0.0,0.0,0.0,1.0,0.0,0.0,0.0,0.0,2.0,4.0,0.0,0.0,2.0,67.0,0.0,0.0,0.0,,,,,,,,,
24-25-prem-manchester-united-vs-brentford,/matches/brentford-vs-manchester-united/3dfzjk#4506397,376,1.0,0.0,0.0,0.0,0.0,0.0,0.0,0.0,0.0,0.0,0.0,1.0,1.0,100.0,0.0,0.0,0.0,,0.0,,0.0,0.0,0.0,0.0,0.0,0.0,0.0,0.0,0.0,0.0,1.0,0.0,,0.0,0.0,0.0,0.0,,,,,,,,,,
24-25-prem-manchester-united-vs-brentford,/matches/brentford-vs-manchester-united/3dfzjk#4506397,594,1.0,0.0,0.0,0.0,0.0,0.0,0.0,0.0,0.0,0.0,0.0,6.0,1.0,33.0,0.0,0.0,0.0,,0.0,0.0,1.0,50.0,2.0,0.0,0.0,0.0,0.0,0.0,0.0,3.0,0.0,2.0,100.0,1.0,100.0,0.0,0.0,,,,,,,,,,
24-25-prem-manchester-united-vs-brentford,/matches/brentford-vs-manchester-united/3dfzjk#4506397,105,3.0,0.0,0.0,0.0,0.0,0.04,0.0,0.0,0.0,0.0,0.0,4.0,2.0,67.0,0.0,0.0,0.0,,0.0,,0.0,0.0,0.0,0.0,0.0,0.0,0.0,0.0,0.0,0.0,0.0,0.0,,0.0,0.0,0.0,0.0,,,,,,,,,,
24-25-prem-manchester-united-vs-brentford,/matches/brentford-vs-manchester-united/3dfzjk#4506397,652,2.0,0.0,0.0,0.0,0.0,0.0,0.0,0.0,0.0,0.0,0.0,4.0,2.0,100.0,0.0,1.0,0.0,,0.0,,0.0,0.0,0.0,0.0,1.0,0.0,1.0,1.0,0.0,0.0,0.0,0.0,,0.0,0.0,0.0,0.0,,,,,,,,,,
24-25-prem-newcastle-united-vs-brighton-&-hove-albion,/matches/brighton-hove-albion-vs-newcastle-united/3gos5a#4506398,146,90.0,0.0,0.0,0.0,0.0,0.0,0.0,0.0,0.0,0.0,0.0,67.0,30.0,63.0,0.0,2.0,0.0,,15.0,45.0,0.0,0.0,0.0,0.0,18.0,0.0,4.0,0.0,0.0,0.0,0.0,0.0,,0.0,,0.0,0.0,,6.0,0.0,0.91,0.91,1.0,1.0,15.0,30.0,
24-25-prem-newcastle-united-vs-brighton-&-hove-albion,/matches/brighton-hove-albion-vs-newcastle-united/3gos5a#4506398,618,72.0,0.0,1.0,0.0,0.0,0.26,0.0,0.0,0.0,0.0,0.0,33.0,10.0,91.0,2.0,2.0,0.0,,0.0,,2.0,33.0,6.0,1.0,5.0,0.0,1.0,1.0,1.0,11.0,8.0,7.0,50.0,4.0,80.0,1.0,1.0,0.0,,,,,,,,,
24-25-prem-newcastle-united-vs-brighton-&-hove-albion,/matches/brighton-hove-albion-vs-newcastle-united/3gos5a#4506398,148,81.0,1.0,0.0,2.0,0.42,0.01,1.06,2.0,0.0,0.0,1.0,36.0,20.0,80.0,0.0,4.0,0.0,,0.0,,1.0,100.0,1.0,1.0,4.0,0.0,0.0,0.0,1.0,3.0,4.0,2.0,40.0,1.0,50.0,1.0,1.0,,,,,,,,,,
24-25-prem-newcastle-united-vs-brighton-&-hove-albion,/matches/brighton-hove-albion-vs-newcastle-united/3gos5a#4506398,628,90.0,0.0,0.0,1.0,0.19,0.01,0.0,0.0,0.0,1.0,1.0,58.0,32.0,89.0,0.0,4.0,0.0,,0.0,0.0,2.0,100.0,2.0,3.0,2.0,0.0,7.0,5.0,0.0,4.0,2.0,3.0,60.0,1.0,100.0,1.0,1.0,0.0,,,,,,,,,
24-25-prem-newcastle-united-vs-brighton-&-hove-albion,/matches/brighton-hove-albion-vs-newcastle-united/3gos5a#4506398,403,90.0,0.0,0.0,4.0,0.57,0.09,0.0,0.0,3.0,2.0,8.0,70.0,42.0,88.0,2.0,6.0,0.0,0.0,1.0,100.0,3.0,100.0,3.0,3.0,6.0,0.0,1.0,1.0,0.0,8.0,6.0,6.0,67.0,2.0,40.0,0.0,2.0,100.0,,,,,,,,,
24-25-prem-newcastle-united-vs-brighton-&-hove-albion,/matches/brighton-hove-albion-vs-newcastle-united/3gos5a#4506398,145,90.0,0.0,0.0,0.0,0.0,0.16,0.0,0.0,0.0,0.0,1.0,48.0,13.0,62.0,1.0,3.0,0.0,,1.0,33.0,2.0,100.0,2.0,0.0,6.0,1.0,3.0,1.0,2.0,5.0,4.0,5.0,56.0,0.0,0.0,3.0,1.0,0.0,,,,,,,,,
24-25-prem-newcastle-united-vs-brighton-&-hove-albion,/matches/brighton-hove-albion-vs-newcastle-united/3gos5a#4506398,399,89.0,0.0,0.0,0.0,0.0,0.1,0.0,0.0,0.0,0.0,2.0,100.0,69.0,90.0,3.0,13.0,1.0,17.0,6.0,75.0,3.0,60.0,5.0,0.0,4.0,0.0,2.0,1.0,0.0,7.0,4.0,6.0,67.0,1.0,50.0,1.0,1.0,,,,,,,,,,
24-25-prem-newcastle-united-vs-brighton-&-hove-albion,/matches/brighton-hove-albion-vs-newcastle-united/3gos5a#4506398,600,82.0,0.0,0.0,0.0,0.0,0.05,0.0,0.0,2.0,0.0,0.0,54.0,21.0,81.0,2.0,3.0,2.0,40.0,1.0,50.0,1.0,33.0,3.0,1.0,4.0,0.0,1.0,0.0,2.0,8.0,8.0,7.0,50.0,1.0,50.0,2.0,2.0,50.0,,,,,,,,,
24-25-prem-newcastle-united-vs-brighton-&-hove-albion,/matches/brighton-hove-albion-vs-newcastle-united/3gos5a#4506398,415,90.0,0.0,0.0,1.0,0.04,0.23,0.0,0.0,0.0,0.0,2.0,97.0,66.0,80.0,1.0,18.0,0.0,,7.0,44.0,4.0,80.0,5.0,1.0,4.0,1.0,0.0,0.0,0.0,8.0,4.0,6.0,100.0,2.0,33.0,1.0,0.0,,,,,,,,,,
24-25-prem-newcastle-united-vs-brighton-&-hove-albion,/matches/brighton-hove-albion-vs-newcastle-united/3gos5a#4506398,394,85.0,0.0,0.0,2.0,0.05,0.26,0.0,0.0,2.0,0.0,1.0,63.0,32.0,70.0,2.0,11.0,0.0,,2.0,22.0,4.0,80.0,5.0,0.0,6.0,0.0,0.0,0.0,0.0,9.0,6.0,9.0,64.0,0.0,0.0,2.0,2.0,100.0,,,,,,,,,
24-25-prem-newcastle-united-vs-brighton-&-hove-albion,/matches/brighton-hove-albion-vs-newcastle-united/3gos5a#4506398,413,90.0,0.0,0.0,0.0,0.0,0.0,0.0,0.0,0.0,0.0,0.0,34.0,16.0,84.0,0.0,2.0,0.0,,2.0,40.0,0.0,0.0,0.0,0.0,9.0,0.0,1.0,0.0,0.0,0.0,0.0,0.0,,0.0,,0.0,0.0,,4.0,1.0,1.68,0.68,1.0,0.0,2.0,16.0,
24-25-prem-newcastle-united-vs-brighton-&-hove-albion,/matches/brighton-hove-albion-vs-newcastle-united/3gos5a#4506398,126,90.0,0.0,0.0,1.0,0.01,0.03,0.0,0.0,0.0,0.0,1.0,61.0,40.0,89.0,0.0,6.0,0.0,0.0,2.0,50.0,2.0,100.0,2.0,1.0,5.0,1.0,4.0,1.0,0.0,3.0,4.0,2.0,40.0,1.0,50.0,0.0,0.0,0.0,,,,,,,,,
24-25-prem-newcastle-united-vs-brighton-&-hove-albion,/matches/brighton-hove-albion-vs-newcastle-united/3gos5a#4506398,417,66.0,0.0,0.0,0.0,0.0,0.01,0.0,0.0,0.0,0.0,1.0,39.0,19.0,86.0,1.0,3.0,0.0,0.0,0.0,,3.0,75.0,4.0,2.0,5.0,0.0,0.0,0.0,0.0,5.0,3.0,5.0,63.0,0.0,0.0,1.0,2.0,0.0,,,,,,,,,
24-25-prem-newcastle-united-vs-brighton-&-hove-albion,/matches/brighton-hove-albion-vs-newcastle-united/3gos5a#4506398,398,85.0,0.0,0.0,4.0,0.49,0.17,0.14,2.0,2.0,1.0,14.0,54.0,23.0,82.0,3.0,4.0,1.0,17.0,0.0,,1.0,100.0,1.0,0.0,2.0,0.0,0.0,0.0,1.0,4.0,7.0,4.0,36.0,0.0,0.0,1.0,1.0,33.0,,,,,,,,,
24-25-prem-newcastle-united-vs-brighton-&-hove-albion,/matches/brighton-hove-albion-vs-newcastle-united/3gos5a#4506398,128,90.0,0.0,0.0,1.0,0.05,0.0,0.0,0.0,0.0,0.0,1.0,50.0,30.0,83.0,0.0,1.0,0.0,,2.0,67.0,0.0,0.0,0.0,0.0,3.0,1.0,7.0,2.0,0.0,2.0,2.0,1.0,50.0,1.0,50.0,1.0,0.0,0.0,,,,,,,,,
24-25-prem-newcastle-united-vs-brighton-&-hove-albion,/matches/brighton-hove-albion-vs-newcastle-united/3gos5a#4506398,392,25.0,0.0,0.0,1.0,0.03,0.17,0.0,0.0,1.0,0.0,3.0,24.0,12.0,71.0,1.0,1.0,0.0,0.0,0.0,,0.0,0.0,0.0,1.0,2.0,0.0,0.0,0.0,0.0,2.0,0.0,2.0,100.0,0.0,0.0,1.0,0.0,100.0,,,,,,,,,
24-25-prem-newcastle-united-vs-brighton-&-hove-albion,/matches/brighton-hove-albion-vs-newcastle-united/3gos5a#4506398,120,90.0,0.0,0.0,1.0,0.09,0.0,0.0,0.0,0.0,1.0,1.0,45.0,27.0,90.0,0.0,7.0,0.0,,4.0,57.0,1.0,50.0,2.0,0.0,2.0,1.0,5.0,3.0,0.0,3.0,4.0,2.0,40.0,1.0,50.0,0.0,1.0,,,,,,,,,,
24-25-prem-newcastle-united-vs-brighton-&-hove-albion,/matches/brighton-hove-albion-vs-newcastle-united/3gos5a#4506398,395,90.0,0.0,0.0,0.0,0.0,0.0,0.0,0.0,0.0,0.0,1.0,82.0,65.0,88.0,0.0,2.0,0.0,,0.0,0.0,0.0,0.0,1.0,3.0,6.0,1.0,1.0,0.0,1.0,3.0,3.0,1.0,33.0,2.0,67.0,0.0,1.0,,,,,,,,,,
24-25-prem-newcastle-united-vs-brighton-&-hove-albion,/matches/brighton-hove-albion-vs-newcastle-united/3gos5a#4506398,115,71.0,0.0,0.0,0.0,0.0,0.01,0.0,0.0,0.0,0.0,0.0,52.0,33.0,89.0,0.0,4.0,0.0,,1.0,50.0,0.0,0.0,2.0,1.0,5.0,2.0,1.0,1.0,1.0,5.0,4.0,4.0,57.0,1.0,50.0,2.0,0.0,,,,,,,,,,
24-25-prem-newcastle-united-vs-brighton-&-hove-albion,/matches/brighton-hove-albion-vs-newcastle-united/3gos5a#4506398,122,18.0,0.0,0.0,0.0,0.0,0.0,0.0,0.0,0.0,0.0,1.0,14.0,8.0,89.0,0.0,0.0,0.0,,0.0,,0.0,0.0,1.0,1.0,2.0,0.0,1.0,1.0,0.0,1.0,0.0,1.0,100.0,0.0,0.0,0.0,0.0,,,,,,,,,,
24-25-prem-newcastle-united-vs-brighton-&-hove-albion,/matches/brighton-hove-albion-vs-newcastle-united/3gos5a#4506398,149,19.0,0.0,0.0,1.0,0.14,0.0,0.2,1.0,0.0,1.0,1.0,9.0,2.0,50.0,0.0,0.0,0.0,,0.0,,1.0,50.0,2.0,0.0,0.0,0.0,0.0,0.0,1.0,3.0,1.0,2.0,67.0,1.0,100.0,0.0,0.0,,,,,,,,,,
24-25-prem-newcastle-united-vs-brighton-&-hove-albion,/matches/brighton-hove-albion-vs-newcastle-united/3gos5a#4506398,409,90.0,0.0,0.0,0.0,0.0,0.03,0.0,0.0,1.0,0.0,2.0,77.0,45.0,82.0,0.0,5.0,0.0,0.0,1.0,33.0,0.0,0.0,0.0,2.0,8.0,0.0,1.0,1.0,0.0,3.0,6.0,2.0,40.0,1.0,25.0,1.0,0.0,100.0,,,,,,,,,
24-25-prem-newcastle-united-vs-brighton-&-hove-albion,/matches/brighton-hove-albion-vs-newcastle-united/3gos5a#4506398,136,30.0,0.0,0.0,2.0,0.21,0.01,0.3,1.0,0.0,0.0,2.0,27.0,12.0,71.0,0.0,3.0,0.0,,1.0,33.0,2.0,100.0,2.0,0.0,4.0,0.0,1.0,0.0,1.0,3.0,5.0,2.0,29.0,1.0,100.0,0.0,2.0,0.0,,,,,,,,,
24-25-prem-newcastle-united-vs-brighton-&-hove-albion,/matches/brighton-hove-albion-vs-newcastle-united/3gos5a#4506398,402,65.0,0.0,0.0,2.0,0.04,0.03,0.0,0.0,1.0,0.0,2.0,45.0,26.0,79.0,1.0,3.0,0.0,0.0,0.0,0.0,0.0,0.0,0.0,1.0,3.0,0.0,0.0,0.0,1.0,1.0,4.0,1.0,25.0,0.0,0.0,0.0,1.0,50.0,,,,,,,,,
24-25-prem-newcastle-united-vs-brighton-&-hove-albion,/matches/brighton-hove-albion-vs-newcastle-united/3gos5a#4506398,123,60.0,0.0,0.0,0.0,0.0,0.0,0.0,0.0,0.0,0.0,0.0,26.0,9.0,56.0,0.0,1.0,0.0,,0.0,,1.0,100.0,1.0,0.0,2.0,1.0,1.0,1.0,1.0,3.0,6.0,1.0,20.0,2.0,50.0,0.0,0.0,,,,,,,,,,
24-25-prem-newcastle-united-vs-brighton-&-hove-albion,/matches/brighton-hove-albion-vs-newcastle-united/3gos5a#4506398,401,90.0,0.0,0.0,7.0,0.81,0.19,0.77,4.0,0.0,1.0,8.0,39.0,9.0,64.0,2.0,1.0,1.0,50.0,0.0,0.0,0.0,0.0,1.0,0.0,3.0,0.0,0.0,0.0,0.0,3.0,9.0,1.0,13.0,2.0,50.0,0.0,1.0,0.0,,,,,,,,,
24-25-prem-newcastle-united-vs-brighton-&-hove-albion,/matches/brighton-hove-albion-vs-newcastle-united/3gos5a#4506398,420,24.0,0.0,0.0,0.0,0.0,0.03,0.0,0.0,0.0,0.0,1.0,24.0,11.0,79.0,0.0,0.0,0.0,,0.0,,1.0,100.0,1.0,0.0,2.0,0.0,0.0,0.0,0.0,1.0,3.0,1.0,25.0,0.0,0.0,0.0,0.0,,,,,,,,,,
24-25-prem-newcastle-united-vs-brighton-&-hove-albion,/matches/brighton-hove-albion-vs-newcastle-united/3gos5a#4506398,391,5.0,0.0,0.0,0.0,0.0,0.0,0.0,0.0,0.0,0.0,0.0,8.0,5.0,83.0,0.0,0.0,0.0,,0.0,,0.0,0.0,0.0,0.0,0.0,0.0,0.0,0.0,0.0,0.0,1.0,0.0,0.0,0.0,0.0,0.0,0.0,,,,,,,,,,
24-25-prem-newcastle-united-vs-brighton-&-hove-albion,/matches/brighton-hove-albion-vs-newcastle-united/3gos5a#4506398,410,5.0,0.0,0.0,0.0,0.0,0.0,0.0,0.0,0.0,0.0,0.0,11.0,8.0,100.0,0.0,0.0,0.0,0.0,0.0,,0.0,0.0,0.0,0.0,0.0,0.0,0.0,0.0,0.0,0.0,0.0,0.0,,0.0,0.0,0.0,0.0,,,,,,,,,,
24-25-prem-newcastle-united-vs-brighton-&-hove-albion,/matches/brighton-hove-albion-vs-newcastle-united/3gos5a#4506398,144,9.0,0.0,0.0,0.0,0.0,0.0,0.0,0.0,0.0,0.0,0.0,7.0,4.0,80.0,0.0,1.0,0.0,,0.0,0.0,0.0,0.0,0.0,0.0,1.0,1.0,1.0,0.0,0.0,0.0,0.0,0.0,,0.0,0.0,0.0,0.0,,,,,,,,,,
24-25-prem-newcastle-united-vs-brighton-&-hove-albion,/matches/brighton-hove-albion-vs-newcastle-united/3gos5a#4506398,121,8.0,0.0,0.0,1.0,0.01,0.01,0.13,1.0,1.0,0.0,2.0,12.0,3.0,60.0,1.0,0.0,1.0,50.0,0.0,,0.0,0.0,0.0,0.0,0.0,0.0,0.0,0.0,0.0,2.0,2.0,1.0,50.0,1.0,50.0,0.0,0.0,50.0,,,,,,,,,
24-25-prem-newcastle-united-vs-brighton-&-hove-albion,/matches/brighton-hove-albion-vs-newcastle-united/3gos5a#4506398,590,1.0,0.0,0.0,0.0,0.0,0.0,0.0,0.0,0.0,0.0,0.0,0.0,0.0,0.0,0.0,0.0,0.0,,0.0,,0.0,0.0,0.0,0.0,0.0,0.0,0.0,0.0,0.0,0.0,0.0,0.0,,0.0,0.0,0.0,0.0,,,,,,,,,,
24-25-prem-nottingham-forest-vs-crystal-palace,/matches/crystal-palace-vs-nottingham-forest/3bfk5h#4506399,443,90.0,0.0,0.0,0.0,0.0,0.0,0.0,0.0,0.0,0.0,0.0,39.0,18.0,75.0,0.0,2.0,0.0,,9.0,60.0,0.0,0.0,0.0,0.0,7.0,0.0,1.0,0.0,0.0,1.0,0.0,0.0,,1.0,100.0,0.0,0.0,,7.0,0.0,0.86,0.86,0.0,0.0,9.0,18.0,
24-25-prem-nottingham-forest-vs-crystal-palace,/matches/crystal-palace-vs-nottingham-forest/3bfk5h#4506399,449,90.0,0.0,0.0,4.0,0.31,0.04,0.0,0.0,0.0,1.0,3.0,61.0,26.0,76.0,4.0,6.0,0.0,,1.0,25.0,1.0,100.0,1.0,5.0,3.0,0.0,3.0,3.0,0.0,8.0,6.0,3.0,43.0,5.0,71.0,2.0,0.0,,,,,,,,,,
24-25-prem-nottingham-forest-vs-crystal-palace,/matches/crystal-palace-vs-nottingham-forest/3bfk5h#4506399,423,78.0,0.0,0.0,4.0,0.27,0.58,0.91,2.0,6.0,0.0,9.0,67.0,36.0,95.0,5.0,6.0,3.0,60.0,1.0,100.0,0.0,0.0,1.0,0.0,4.0,1.0,0.0,0.0,1.0,11.0,7.0,8.0,57.0,3.0,75.0,1.0,3.0,100.0,,,,,,,,,
24-25-prem-nottingham-forest-vs-crystal-palace,/matches/crystal-palace-vs-nottingham-forest/3bfk5h#4506399,447,84.0,1.0,0.0,4.0,0.89,0.0,0.53,2.0,0.0,2.0,4.0,23.0,8.0,57.0,1.0,1.0,0.0,,0.0,,0.0,0.0,0.0,0.0,2.0,0.0,0.0,0.0,0.0,5.0,5.0,1.0,50.0,4.0,50.0,1.0,1.0,,,,,,,,,,
24-25-prem-nottingham-forest-vs-crystal-palace,/matches/crystal-palace-vs-nottingham-forest/3bfk5h#4506399,11,66.0,0.0,0.0,4.0,0.17,0.06,0.17,2.0,2.0,0.0,7.0,31.0,8.0,50.0,4.0,3.0,0.0,,0.0,0.0,0.0,0.0,1.0,0.0,3.0,0.0,0.0,0.0,2.0,7.0,4.0,6.0,75.0,1.0,33.0,3.0,0.0,100.0,,,,,,,,,
24-25-prem-nottingham-forest-vs-crystal-palace,/matches/crystal-palace-vs-nottingham-forest/3bfk5h#4506399,436,90.0,0.0,0.0,1.0,0.01,0.01,0.28,1.0,4.0,0.0,1.0,84.0,56.0,85.0,0.0,9.0,0.0,,5.0,56.0,0.0,0.0,0.0,2.0,4.0,0.0,7.0,4.0,1.0,4.0,3.0,4.0,67.0,0.0,0.0,0.0,0.0,100.0,,,,,,,,,
24-25-prem-nottingham-forest-vs-crystal-palace,/matches/crystal-palace-vs-nottingham-forest/3bfk5h#4506399,201,90.0,0.0,0.0,0.0,0.0,0.0,0.0,0.0,0.0,0.0,0.0,29.0,19.0,90.0,0.0,1.0,0.0,,1.0,33.0,0.0,0.0,0.0,0.0,5.0,0.0,1.0,0.0,0.0,0.0,0.0,0.0,,0.0,,0.0,0.0,,5.0,1.0,1.82,0.82,0.0,1.0,1.0,19.0,
24-25-prem-nottingham-forest-vs-crystal-palace,/matches/crystal-palace-vs-nottingham-forest/3bfk5h#4506399,431,90.0,0.0,0.0,2.0,0.12,0.02,0.1,1.0,0.0,0.0,2.0,83.0,55.0,90.0,0.0,6.0,1.0,100.0,1.0,50.0,1.0,50.0,2.0,2.0,8.0,2.0,1.0,0.0,1.0,5.0,6.0,5.0,45.0,0.0,0.0,3.0,3.0,,,,,,,,,,
24-25-prem-nottingham-forest-vs-crystal-palace,/matches/crystal-palace-vs-nottingham-forest/3bfk5h#4506399,422,90.0,0.0,0.0,0.0,0.0,0.04,0.0,0.0,0.0,0.0,0.0,63.0,29.0,81.0,0.0,9.0,1.0,50.0,0.0,0.0,2.0,100.0,2.0,2.0,3.0,0.0,0.0,0.0,0.0,4.0,2.0,4.0,67.0,0.0,0.0,2.0,0.0,0.0,,,,,,,,,
24-25-prem-nottingham-forest-vs-crystal-palace,/matches/crystal-palace-vs-nottingham-forest/3bfk5h#4506399,573,90.0,0.0,0.0,0.0,0.0,0.0,0.0,0.0,0.0,0.0,3.0,53.0,35.0,81.0,0.0,2.0,0.0,,4.0,80.0,0.0,0.0,0.0,2.0,3.0,0.0,3.0,1.0,1.0,5.0,3.0,0.0,0.0,5.0,71.0,0.0,0.0,,,,,,,,,,
24-25-prem-nottingham-forest-vs-crystal-palace,/matches/crystal-palace-vs-nottingham-forest/3bfk5h#4506399,26,78.0,0.0,0.0,2.0,0.05,0.1,0.0,0.0,1.0,0.0,0.0,66.0,34.0,79.0,2.0,9.0,1.0,33.0,1.0,50.0,1.0,50.0,2.0,0.0,1.0,2.0,1.0,1.0,1.0,4.0,5.0,4.0,44.0,0.0,0.0,1.0,2.0,50.0,,,,,,,,,
24-25-prem-nottingham-forest-vs-crystal-palace,/matches/crystal-palace-vs-nottingham-forest/3bfk5h#4506399,199,90.0,0.0,0.0,6.0,0.29,0.08,0.26,2.0,4.0,0.0,3.0,65.0,32.0,76.0,1.0,5.0,0.0,0.0,0.0,0.0,1.0,50.0,2.0,0.0,3.0,0.0,0.0,0.0,0.0,7.0,3.0,7.0,78.0,0.0,0.0,1.0,1.0,80.0,,,,,,,,,
24-25-prem-nottingham-forest-vs-crystal-palace,/matches/crystal-palace-vs-nottingham-forest/3bfk5h#4506399,203,74.0,0.0,0.0,1.0,0.1,0.06,0.0,0.0,0.0,0.0,1.0,45.0,22.0,79.0,4.0,5.0,0.0,0.0,1.0,33.0,2.0,67.0,3.0,1.0,5.0,2.0,0.0,0.0,4.0,5.0,6.0,5.0,45.0,0.0,0.0,2.0,2.0,,,,,,,,,,
24-25-prem-nottingham-forest-vs-crystal-palace,/matches/crystal-palace-vs-nottingham-forest/3bfk5h#4506399,434,84.0,0.0,0.0,2.0,0.07,0.07,0.0,0.0,2.0,0.0,3.0,42.0,28.0,93.0,1.0,1.0,1.0,33.0,1.0,100.0,0.0,0.0,0.0,0.0,4.0,0.0,0.0,0.0,0.0,3.0,3.0,3.0,60.0,0.0,0.0,1.0,0.0,100.0,,,,,,,,,
24-25-prem-nottingham-forest-vs-crystal-palace,/matches/crystal-palace-vs-nottingham-forest/3bfk5h#4506399,211,90.0,0.0,0.0,0.0,0.0,0.08,0.0,0.0,0.0,0.0,0.0,70.0,29.0,74.0,2.0,3.0,2.0,40.0,1.0,100.0,4.0,100.0,4.0,1.0,3.0,0.0,6.0,3.0,3.0,8.0,9.0,5.0,38.0,3.0,75.0,1.0,3.0,,,,,,,,,,
24-25-prem-nottingham-forest-vs-crystal-palace,/matches/crystal-palace-vs-nottingham-forest/3bfk5h#4506399,206,90.0,0.0,0.0,1.0,0.02,0.01,0.0,0.0,0.0,0.0,2.0,68.0,45.0,80.0,1.0,5.0,0.0,,3.0,50.0,0.0,0.0,0.0,1.0,9.0,3.0,2.0,1.0,1.0,3.0,6.0,0.0,0.0,3.0,43.0,0.0,2.0,,,,,,,,,,
24-25-prem-nottingham-forest-vs-crystal-palace,/matches/crystal-palace-vs-nottingham-forest/3bfk5h#4506399,205,88.0,0.0,0.0,2.0,0.18,0.03,0.16,1.0,0.0,0.0,1.0,43.0,28.0,85.0,2.0,7.0,0.0,,1.0,100.0,1.0,33.0,3.0,0.0,4.0,0.0,0.0,0.0,0.0,4.0,2.0,4.0,67.0,0.0,0.0,1.0,1.0,,,,,,,,,,
24-25-prem-nottingham-forest-vs-crystal-palace,/matches/crystal-palace-vs-nottingham-forest/3bfk5h#4506399,437,12.0,0.0,0.0,0.0,0.0,0.02,0.0,0.0,1.0,0.0,1.0,16.0,7.0,88.0,1.0,1.0,0.0,0.0,1.0,100.0,0.0,0.0,0.0,0.0,0.0,0.0,1.0,1.0,0.0,1.0,0.0,1.0,100.0,0.0,0.0,0.0,0.0,100.0,,,,,,,,,
24-25-prem-nottingham-forest-vs-crystal-palace,/matches/crystal-palace-vs-nottingham-forest/3bfk5h#4506399,200,90.0,0.0,0.0,0.0,0.0,0.01,0.0,0.0,0.0,0.0,1.0,86.0,60.0,83.0,0.0,12.0,0.0,,8.0,57.0,2.0,67.0,3.0,1.0,6.0,0.0,2.0,2.0,1.0,3.0,6.0,3.0,43.0,0.0,0.0,0.0,1.0,,,,,,,,,,
24-25-prem-nottingham-forest-vs-crystal-palace,/matches/crystal-palace-vs-nottingham-forest/3bfk5h#4506399,432,63.0,0.0,0.0,0.0,0.0,0.26,0.0,0.0,0.0,0.0,1.0,36.0,17.0,77.0,1.0,1.0,2.0,29.0,1.0,100.0,0.0,0.0,0.0,0.0,2.0,0.0,0.0,0.0,0.0,0.0,3.0,0.0,0.0,0.0,0.0,0.0,0.0,0.0,,,,,,,,,
24-25-prem-nottingham-forest-vs-crystal-palace,/matches/crystal-palace-vs-nottingham-forest/3bfk5h#4506399,650,90.0,0.0,0.0,0.0,0.0,0.01,0.0,0.0,0.0,0.0,0.0,65.0,47.0,89.0,0.0,6.0,0.0,,2.0,40.0,0.0,0.0,0.0,1.0,5.0,1.0,7.0,2.0,2.0,1.0,7.0,0.0,0.0,1.0,20.0,0.0,1.0,,,,,,,,,,
24-25-prem-nottingham-forest-vs-crystal-palace,/matches/crystal-palace-vs-nottingham-forest/3bfk5h#4506399,210,74.0,0.0,0.0,0.0,0.0,0.0,0.0,0.0,0.0,0.0,0.0,43.0,16.0,59.0,0.0,2.0,0.0,,2.0,50.0,2.0,67.0,3.0,0.0,3.0,0.0,0.0,0.0,0.0,3.0,1.0,3.0,75.0,0.0,0.0,0.0,0.0,,,,,,,,,,
24-25-prem-nottingham-forest-vs-crystal-palace,/matches/crystal-palace-vs-nottingham-forest/3bfk5h#4506399,214,16.0,0.0,0.0,1.0,0.04,0.01,0.11,1.0,0.0,0.0,1.0,19.0,9.0,82.0,0.0,2.0,0.0,,1.0,100.0,0.0,0.0,2.0,0.0,0.0,0.0,0.0,0.0,0.0,3.0,0.0,2.0,100.0,1.0,100.0,0.0,0.0,,,,,,,,,,
24-25-prem-nottingham-forest-vs-crystal-palace,/matches/crystal-palace-vs-nottingham-forest/3bfk5h#4506399,653,12.0,0.0,0.0,0.0,0.0,0.0,0.0,0.0,0.0,0.0,0.0,8.0,5.0,63.0,0.0,0.0,0.0,,0.0,0.0,0.0,0.0,0.0,0.0,1.0,0.0,0.0,0.0,0.0,0.0,0.0,0.0,,0.0,0.0,0.0,0.0,,,,,,,,,,
24-25-prem-nottingham-forest-vs-crystal-palace,/matches/crystal-palace-vs-nottingham-forest/3bfk5h#4506399,585,16.0,0.0,0.0,0.0,0.0,0.0,0.0,0.0,0.0,0.0,1.0,6.0,4.0,67.0,0.0,1.0,0.0,,0.0,,0.0,0.0,0.0,0.0,1.0,0.0,0.0,0.0,0.0,0.0,0.0,0.0,,0.0,0.0,0.0,0.0,,,,,,,,,,
24-25-prem-nottingham-forest-vs-crystal-palace,/matches/crystal-palace-vs-nottingham-forest/3bfk5h#4506399,207,24.0,0.0,0.0,2.0,0.05,0.0,0.15,1.0,0.0,0.0,4.0,7.0,1.0,100.0,0.0,0.0,0.0,0.0,0.0,,0.0,0.0,0.0,0.0,0.0,0.0,1.0,1.0,1.0,1.0,2.0,0.0,0.0,1.0,50.0,0.0,0.0,,,,,,,,,,
24-25-prem-nottingham-forest-vs-crystal-palace,/matches/crystal-palace-vs-nottingham-forest/3bfk5h#4506399,159,90.0,0.0,0.0,2.0,0.1,0.05,0.0,0.0,0.0,0.0,2.0,62.0,37.0,88.0,1.0,4.0,1.0,50.0,0.0,0.0,2.0,100.0,2.0,0.0,3.0,3.0,6.0,4.0,2.0,7.0,6.0,3.0,43.0,4.0,67.0,1.0,1.0,0.0,,,,,,,,,
24-25-prem-nottingham-forest-vs-crystal-palace,/matches/crystal-palace-vs-nottingham-forest/3bfk5h#4506399,596,27.0,0.0,0.0,0.0,0.0,0.0,0.0,0.0,1.0,0.0,5.0,16.0,1.0,20.0,0.0,1.0,0.0,,0.0,0.0,0.0,0.0,1.0,0.0,1.0,0.0,0.0,0.0,1.0,2.0,7.0,2.0,29.0,0.0,0.0,0.0,0.0,33.0,,,,,,,,,
24-25-prem-nottingham-forest-vs-crystal-palace,/matches/crystal-palace-vs-nottingham-forest/3bfk5h#4506399,424,6.0,0.0,0.0,0.0,0.0,0.02,0.0,0.0,0.0,0.0,2.0,6.0,3.0,75.0,0.0,0.0,0.0,,0.0,,0.0,0.0,0.0,0.0,3.0,0.0,0.0,0.0,0.0,0.0,2.0,0.0,0.0,0.0,0.0,0.0,0.0,0.0,,,,,,,,,
24-25-prem-nottingham-forest-vs-crystal-palace,/matches/crystal-palace-vs-nottingham-forest/3bfk5h#4506399,620,6.0,0.0,0.0,1.0,0.04,0.06,0.0,0.0,1.0,0.0,2.0,10.0,4.0,80.0,0.0,0.0,0.0,,0.0,,0.0,0.0,0.0,1.0,0.0,0.0,0.0,0.0,0.0,1.0,0.0,1.0,100.0,0.0,0.0,0.0,0.0,100.0,,,,,,,,,
24-25-prem-nottingham-forest-vs-crystal-palace,/matches/crystal-palace-vs-nottingham-forest/3bfk5h#4506399,646,2.0,0.0,0.0,1.0,0.02,0.01,0.0,0.0,0.0,0.0,0.0,4.0,1.0,100.0,1.0,0.0,0.0,0.0,0.0,,0.0,0.0,0.0,0.0,0.0,0.0,0.0,0.0,0.0,0.0,2.0,0.0,0.0,0.0,0.0,0.0,0.0,0.0,,,,,,,,,
24-25-prem-southampton-vs-leicester-city,/matches/leicester-city-vs-southampton/2anx5y#4506400,117,90.0,1.0,0.0,5.0,1.34,0.17,0.99,1.0,4.0,0.0,4.0,75.0,31.0,82.0,3.0,4.0,3.0,60.0,1.0,100.0,3.0,43.0,7.0,0.0,2.0,0.0,0.0,0.0,2.0,13.0,12.0,13.0,52.0,0.0,0.0,2.0,4.0,67.0,,,,,,,,,
24-25-prem-southampton-vs-leicester-city,/matches/leicester-city-vs-southampton/2anx5y#4506400,306,90.0,1.0,0.0,4.0,1.03,0.0,0.96,1.0,0.0,0.0,4.0,12.0,2.0,40.0,0.0,0.0,0.0,0.0,0.0,,0.0,0.0,0.0,0.0,0.0,0.0,1.0,1.0,0.0,2.0,1.0,1.0,50.0,1.0,100.0,1.0,1.0,,,,,,,,,,
24-25-prem-southampton-vs-leicester-city,/matches/leicester-city-vs-southampton/2anx5y#4506400,452,90.0,1.0,0.0,3.0,0.64,0.01,1.17,3.0,2.0,0.0,4.0,52.0,22.0,81.0,0.0,3.0,0.0,,1.0,100.0,0.0,0.0,0.0,2.0,2.0,0.0,2.0,0.0,0.0,7.0,6.0,3.0,33.0,4.0,100.0,1.0,1.0,33.0,,,,,,,,,
24-25-prem-southampton-vs-leicester-city,/matches/leicester-city-vs-southampton/2anx5y#4506400,570,31.0,0.0,1.0,2.0,0.17,0.34,0.3,1.0,2.0,1.0,7.0,31.0,12.0,80.0,1.0,0.0,0.0,0.0,1.0,50.0,1.0,100.0,1.0,0.0,2.0,0.0,1.0,1.0,0.0,4.0,4.0,4.0,57.0,0.0,0.0,1.0,0.0,40.0,,,,,,,,,
24-25-prem-southampton-vs-leicester-city,/matches/leicester-city-vs-southampton/2anx5y#4506400,309,45.0,0.0,1.0,0.0,0.0,0.08,0.0,0.0,0.0,0.0,0.0,39.0,34.0,94.0,4.0,11.0,0.0,0.0,2.0,100.0,0.0,0.0,0.0,0.0,2.0,0.0,1.0,0.0,0.0,1.0,1.0,1.0,50.0,0.0,0.0,1.0,1.0,,,,,,,,,,
24-25-prem-southampton-vs-leicester-city,/matches/leicester-city-vs-southampton/2anx5y#4506400,293,90.0,0.0,0.0,0.0,0.0,0.0,0.0,0.0,0.0,0.0,0.0,43.0,19.0,73.0,0.0,3.0,0.0,,7.0,54.0,0.0,0.0,0.0,0.0,11.0,0.0,1.0,0.0,0.0,0.0,0.0,0.0,,0.0,,0.0,0.0,,6.0,2.0,2.62,0.62,0.0,2.0,7.0,19.0,
24-25-prem-southampton-vs-leicester-city,/matches/leicester-city-vs-southampton/2anx5y#4506400,295,90.0,0.0,0.0,2.0,0.03,0.06,0.0,0.0,0.0,0.0,7.0,84.0,51.0,88.0,1.0,6.0,1.0,33.0,1.0,100.0,2.0,67.0,3.0,1.0,7.0,0.0,5.0,2.0,0.0,6.0,3.0,4.0,80.0,2.0,50.0,1.0,1.0,,,,,,,,,,
24-25-prem-southampton-vs-leicester-city,/matches/leicester-city-vs-southampton/2anx5y#4506400,476,90.0,0.0,1.0,0.0,0.0,0.22,0.0,0.0,3.0,0.0,2.0,58.0,31.0,82.0,2.0,4.0,0.0,,1.0,33.0,1.0,100.0,1.0,2.0,2.0,0.0,3.0,2.0,0.0,6.0,4.0,5.0,56.0,1.0,100.0,1.0,1.0,100.0,,,,,,,,,
24-25-prem-southampton-vs-leicester-city,/matches/leicester-city-vs-southampton/2anx5y#4506400,192,22.0,1.0,0.0,1.0,0.1,0.01,0.29,1.0,0.0,0.0,3.0,11.0,6.0,100.0,1.0,0.0,0.0,,0.0,,0.0,0.0,1.0,0.0,1.0,0.0,0.0,0.0,0.0,1.0,4.0,1.0,25.0,0.0,0.0,0.0,2.0,0.0,,,,,,,,,
24-25-prem-southampton-vs-leicester-city,/matches/leicester-city-vs-southampton/2anx5y#4506400,27,68.0,1.0,0.0,4.0,1.02,0.0,1.16,2.0,0.0,0.0,5.0,17.0,7.0,78.0,0.0,1.0,0.0,,0.0,,0.0,0.0,0.0,0.0,0.0,0.0,0.0,0.0,0.0,0.0,2.0,0.0,0.0,0.0,0.0,0.0,0.0,0.0,,,,,,,,,
24-25-prem-southampton-vs-leicester-city,/matches/leicester-city-vs-southampton/2anx5y#4506400,467,78.0,0.0,0.0,1.0,0.05,0.16,0.0,0.0,1.0,0.0,3.0,43.0,18.0,90.0,4.0,1.0,4.0,50.0,1.0,100.0,0.0,0.0,0.0,2.0,2.0,0.0,2.0,2.0,0.0,2.0,4.0,1.0,25.0,1.0,50.0,0.0,1.0,50.0,,,,,,,,,
24-25-prem-southampton-vs-leicester-city,/matches/leicester-city-vs-southampton/2anx5y#4506400,474,62.0,0.0,0.0,0.0,0.0,0.13,0.0,0.0,0.0,0.0,2.0,56.0,36.0,92.0,1.0,3.0,0.0,0.0,0.0,0.0,1.0,33.0,3.0,0.0,1.0,0.0,2.0,0.0,0.0,5.0,0.0,5.0,100.0,0.0,0.0,2.0,0.0,,,,,,,,,,
24-25-prem-southampton-vs-leicester-city,/matches/leicester-city-vs-southampton/2anx5y#4506400,296,59.0,0.0,0.0,0.0,0.0,0.05,0.0,0.0,0.0,0.0,0.0,50.0,34.0,92.0,2.0,5.0,0.0,,1.0,50.0,4.0,100.0,4.0,1.0,2.0,0.0,0.0,0.0,0.0,5.0,1.0,5.0,83.0,0.0,0.0,1.0,0.0,,,,,,,,,,
24-25-prem-southampton-vs-leicester-city,/matches/leicester-city-vs-southampton/2anx5y#4506400,291,90.0,0.0,0.0,1.0,0.44,0.03,0.0,0.0,0.0,1.0,3.0,78.0,55.0,85.0,0.0,17.0,0.0,0.0,4.0,57.0,3.0,75.0,4.0,0.0,2.0,1.0,2.0,2.0,1.0,5.0,4.0,4.0,80.0,1.0,25.0,0.0,0.0,,,,,,,,,,
24-25-prem-southampton-vs-leicester-city,/matches/leicester-city-vs-southampton/2anx5y#4506400,301,90.0,0.0,0.0,0.0,0.0,0.02,0.0,0.0,0.0,0.0,2.0,80.0,62.0,90.0,0.0,5.0,0.0,,4.0,67.0,1.0,33.0,3.0,1.0,3.0,0.0,5.0,4.0,0.0,5.0,1.0,3.0,100.0,2.0,67.0,0.0,0.0,,,,,,,,,,
24-25-prem-southampton-vs-leicester-city,/matches/leicester-city-vs-southampton/2anx5y#4506400,298,88.0,0.0,0.0,1.0,0.04,0.4,0.0,0.0,0.0,0.0,2.0,58.0,29.0,81.0,2.0,1.0,2.0,33.0,1.0,50.0,1.0,100.0,1.0,0.0,6.0,0.0,1.0,0.0,1.0,2.0,8.0,2.0,22.0,0.0,0.0,1.0,0.0,0.0,,,,,,,,,
24-25-prem-southampton-vs-leicester-city,/matches/leicester-city-vs-southampton/2anx5y#4506400,635,68.0,0.0,0.0,1.0,0.05,0.23,0.0,0.0,0.0,0.0,2.0,38.0,22.0,81.0,2.0,5.0,2.0,100.0,1.0,50.0,1.0,50.0,2.0,0.0,0.0,0.0,1.0,1.0,1.0,3.0,5.0,2.0,29.0,1.0,100.0,0.0,1.0,0.0,,,,,,,,,
24-25-prem-southampton-vs-leicester-city,/matches/leicester-city-vs-southampton/2anx5y#4506400,461,90.0,0.0,0.0,2.0,0.18,0.0,0.0,0.0,0.0,0.0,2.0,53.0,36.0,90.0,2.0,4.0,0.0,,2.0,50.0,1.0,100.0,1.0,0.0,6.0,2.0,6.0,3.0,0.0,2.0,0.0,1.0,100.0,1.0,100.0,0.0,0.0,,,,,,,,,,
24-25-prem-southampton-vs-leicester-city,/matches/leicester-city-vs-southampton/2anx5y#4506400,300,90.0,0.0,0.0,0.0,0.0,0.05,0.0,0.0,0.0,0.0,4.0,74.0,42.0,81.0,0.0,7.0,0.0,0.0,0.0,0.0,1.0,25.0,4.0,0.0,7.0,1.0,4.0,2.0,1.0,4.0,5.0,4.0,67.0,0.0,0.0,0.0,0.0,0.0,,,,,,,,,
24-25-prem-southampton-vs-leicester-city,/matches/leicester-city-vs-southampton/2anx5y#4506400,518,90.0,0.0,0.0,1.0,0.2,0.01,0.24,1.0,0.0,1.0,2.0,63.0,44.0,96.0,0.0,1.0,0.0,,1.0,100.0,3.0,100.0,3.0,1.0,5.0,0.0,4.0,1.0,2.0,3.0,8.0,3.0,30.0,0.0,0.0,0.0,2.0,0.0,,,,,,,,,
24-25-prem-southampton-vs-leicester-city,/matches/leicester-city-vs-southampton/2anx5y#4506400,475,12.0,0.0,0.0,0.0,0.0,0.01,0.0,0.0,0.0,0.0,0.0,13.0,1.0,100.0,0.0,3.0,1.0,33.0,0.0,,3.0,100.0,3.0,0.0,0.0,0.0,3.0,0.0,1.0,3.0,2.0,3.0,60.0,0.0,0.0,0.0,1.0,,,,,,,,,,
24-25-prem-southampton-vs-leicester-city,/matches/leicester-city-vs-southampton/2anx5y#4506400,501,45.0,0.0,0.0,0.0,0.0,0.01,0.0,0.0,1.0,0.0,0.0,24.0,16.0,94.0,0.0,3.0,0.0,,0.0,,0.0,0.0,0.0,2.0,2.0,0.0,0.0,0.0,0.0,3.0,0.0,3.0,100.0,0.0,0.0,2.0,0.0,100.0,,,,,,,,,
24-25-prem-southampton-vs-leicester-city,/matches/leicester-city-vs-southampton/2anx5y#4506400,462,12.0,0.0,0.0,1.0,0.02,0.0,0.0,0.0,0.0,0.0,1.0,11.0,1.0,100.0,0.0,0.0,0.0,,0.0,,3.0,100.0,3.0,0.0,1.0,0.0,1.0,0.0,0.0,3.0,3.0,3.0,50.0,0.0,0.0,0.0,0.0,0.0,,,,,,,,,
24-25-prem-southampton-vs-leicester-city,/matches/leicester-city-vs-southampton/2anx5y#4506400,623,68.0,0.0,0.0,0.0,0.0,0.02,0.0,0.0,0.0,0.0,1.0,58.0,32.0,86.0,0.0,5.0,0.0,0.0,2.0,67.0,1.0,33.0,3.0,0.0,3.0,1.0,1.0,0.0,3.0,6.0,7.0,6.0,46.0,0.0,0.0,3.0,1.0,0.0,,,,,,,,,
24-25-prem-southampton-vs-leicester-city,/matches/leicester-city-vs-southampton/2anx5y#4506400,608,78.0,0.0,0.0,1.0,0.04,0.01,0.05,1.0,0.0,0.0,3.0,30.0,12.0,86.0,0.0,1.0,0.0,,1.0,100.0,2.0,67.0,3.0,1.0,1.0,0.0,0.0,0.0,0.0,4.0,7.0,4.0,40.0,0.0,0.0,1.0,1.0,0.0,,,,,,,,,
24-25-prem-southampton-vs-leicester-city,/matches/leicester-city-vs-southampton/2anx5y#4506400,455,90.0,0.0,0.0,0.0,0.0,0.63,0.0,0.0,0.0,0.0,1.0,40.0,25.0,81.0,1.0,3.0,0.0,,3.0,75.0,1.0,100.0,1.0,1.0,2.0,1.0,4.0,2.0,0.0,1.0,3.0,1.0,50.0,0.0,0.0,0.0,1.0,,,,,,,,,,
24-25-prem-southampton-vs-leicester-city,/matches/leicester-city-vs-southampton/2anx5y#4506400,471,22.0,0.0,0.0,0.0,0.0,0.0,0.0,0.0,0.0,0.0,0.0,4.0,2.0,67.0,0.0,0.0,0.0,,0.0,0.0,0.0,0.0,0.0,0.0,0.0,0.0,1.0,1.0,1.0,1.0,1.0,0.0,0.0,1.0,100.0,0.0,0.0,,,,,,,,,,
24-25-prem-southampton-vs-leicester-city,/matches/leicester-city-vs-southampton/2anx5y#4506400,470,22.0,0.0,0.0,1.0,0.02,0.0,0.0,0.0,0.0,0.0,2.0,19.0,4.0,44.0,1.0,2.0,0.0,,0.0,0.0,0.0,0.0,0.0,0.0,1.0,0.0,0.0,0.0,0.0,5.0,6.0,2.0,29.0,3.0,75.0,2.0,0.0,0.0,,,,,,,,,
24-25-prem-southampton-vs-leicester-city,/matches/leicester-city-vs-southampton/2anx5y#4506400,14,90.0,0.0,0.0,0.0,0.0,0.0,0.0,0.0,0.0,0.0,0.0,46.0,25.0,60.0,0.0,16.0,0.0,,8.0,32.0,0.0,0.0,0.0,0.0,8.0,0.0,0.0,0.0,0.0,0.0,0.0,0.0,,0.0,,0.0,0.0,,1.0,3.0,2.53,0.47,0.0,0.0,8.0,25.0,
24-25-prem-southampton-vs-leicester-city,/matches/leicester-city-vs-southampton/2anx5y#4506400,397,11.0,0.0,0.0,0.0,0.0,0.09,0.0,0.0,0.0,0.0,1.0,7.0,1.0,50.0,1.0,0.0,0.0,0.0,0.0,,0.0,0.0,0.0,0.0,0.0,0.0,1.0,0.0,0.0,1.0,1.0,0.0,0.0,1.0,100.0,0.0,1.0,,,,,,,,,,
24-25-prem-southampton-vs-leicester-city,/matches/leicester-city-vs-southampton/2anx5y#4506400,290,2.0,0.0,0.0,1.0,0.02,0.02,0.0,0.0,0.0,0.0,3.0,8.0,5.0,100.0,1.0,0.0,0.0,0.0,0.0,,0.0,0.0,0.0,0.0,0.0,0.0,0.0,0.0,0.0,0.0,0.0,0.0,,0.0,0.0,0.0,0.0,,,,,,,,,,
24-25-prem-tottenham-hotspur-vs-west-ham-united,/matches/tottenham-hotspur-vs-west-ham-united/2ghkm2#4506401,503,70.0,1.0,0.0,5.0,0.41,0.06,0.23,2.0,1.0,1.0,10.0,43.0,26.0,84.0,2.0,2.0,0.0,0.0,0.0,,0.0,0.0,0.0,0.0,2.0,0.0,0.0,0.0,2.0,1.0,4.0,1.0,20.0,0.0,0.0,0.0,0.0,50.0,,,,,,,,,
24-25-prem-tottenham-hotspur-vs-west-ham-united,/matches/tottenham-hotspur-vs-west-ham-united/2ghkm2#4506401,492,90.0,1.0,0.0,4.0,0.17,0.06,0.15,1.0,2.0,0.0,7.0,59.0,29.0,85.0,2.0,4.0,0.0,0.0,1.0,100.0,3.0,100.0,3.0,0.0,8.0,0.0,0.0,0.0,0.0,8.0,8.0,8.0,50.0,0.0,0.0,3.0,2.0,40.0,,,,,,,,,
24-25-prem-tottenham-hotspur-vs-west-ham-united,/matches/tottenham-hotspur-vs-west-ham-united/2ghkm2#4506401,482,81.0,1.0,0.0,1.0,0.16,0.02,0.14,1.0,0.0,0.0,1.0,60.0,37.0,93.0,1.0,6.0,0.0,,0.0,0.0,4.0,80.0,5.0,0.0,3.0,0.0,4.0,3.0,2.0,7.0,5.0,7.0,58.0,0.0,0.0,2.0,0.0,,,,,,,,,,
24-25-prem-tottenham-hotspur-vs-west-ham-united,/matches/tottenham-hotspur-vs-west-ham-united/2ghkm2#4506401,505,88.0,0.0,1.0,1.0,0.06,0.51,0.0,0.0,0.0,0.0,5.0,55.0,27.0,87.0,3.0,2.0,2.0,67.0,1.0,100.0,1.0,33.0,3.0,1.0,4.0,1.0,0.0,0.0,2.0,6.0,7.0,5.0,45.0,1.0,50.0,2.0,1.0,0.0,,,,,,,,,
24-25-prem-tottenham-hotspur-vs-west-ham-united,/matches/tottenham-hotspur-vs-west-ham-united/2ghkm2#4506401,494,45.0,0.0,1.0,0.0,0.0,0.6,0.0,0.0,1.0,0.0,5.0,50.0,32.0,91.0,5.0,6.0,2.0,29.0,0.0,0.0,0.0,0.0,0.0,1.0,1.0,0.0,0.0,0.0,0.0,2.0,3.0,2.0,40.0,0.0,0.0,1.0,1.0,33.0,,,,,,,,,
24-25-prem-tottenham-hotspur-vs-west-ham-united,/matches/tottenham-hotspur-vs-west-ham-united/2ghkm2#4506401,499,45.0,0.0,1.0,0.0,0.0,0.01,0.0,0.0,0.0,0.0,0.0,29.0,19.0,100.0,1.0,3.0,0.0,,2.0,100.0,2.0,100.0,2.0,0.0,2.0,1.0,1.0,1.0,1.0,4.0,3.0,4.0,67.0,0.0,0.0,2.0,1.0,,,,,,,,,,
24-25-prem-tottenham-hotspur-vs-west-ham-united,/matches/tottenham-hotspur-vs-west-ham-united/2ghkm2#4506401,495,90.0,0.0,0.0,4.0,0.11,0.15,0.04,1.0,0.0,0.0,3.0,84.0,37.0,79.0,2.0,3.0,4.0,33.0,2.0,100.0,1.0,50.0,2.0,2.0,8.0,0.0,1.0,0.0,1.0,4.0,4.0,3.0,43.0,1.0,100.0,1.0,1.0,,,,,,,,,,
24-25-prem-tottenham-hotspur-vs-west-ham-united,/matches/tottenham-hotspur-vs-west-ham-united/2ghkm2#4506401,498,90.0,0.0,0.0,0.0,0.0,0.13,0.0,0.0,0.0,0.0,1.0,86.0,67.0,85.0,0.0,19.0,1.0,100.0,4.0,44.0,2.0,50.0,4.0,0.0,3.0,0.0,2.0,0.0,1.0,8.0,2.0,4.0,80.0,4.0,80.0,0.0,0.0,,,,,,,,,,
24-25-prem-tottenham-hotspur-vs-west-ham-united,/matches/tottenham-hotspur-vs-west-ham-united/2ghkm2#4506401,506,90.0,0.0,0.0,0.0,0.0,0.01,0.0,0.0,0.0,0.0,0.0,78.0,61.0,91.0,0.0,6.0,0.0,,2.0,50.0,2.0,100.0,2.0,1.0,8.0,2.0,4.0,1.0,3.0,3.0,7.0,3.0,43.0,0.0,0.0,1.0,1.0,,,,,,,,,,
24-25-prem-tottenham-hotspur-vs-west-ham-united,/matches/tottenham-hotspur-vs-west-ham-united/2ghkm2#4506401,388,90.0,0.0,0.0,1.0,0.03,0.02,0.0,0.0,4.0,0.0,2.0,77.0,39.0,83.0,1.0,7.0,0.0,0.0,0.0,0.0,5.0,100.0,5.0,4.0,4.0,0.0,4.0,1.0,1.0,11.0,1.0,9.0,90.0,2.0,100.0,0.0,0.0,100.0,,,,,,,,,
24-25-prem-tottenham-hotspur-vs-west-ham-united,/matches/tottenham-hotspur-vs-west-ham-united/2ghkm2#4506401,491,90.0,0.0,0.0,5.0,0.89,0.04,0.15,1.0,0.0,1.0,8.0,32.0,15.0,83.0,2.0,0.0,0.0,,0.0,,0.0,0.0,1.0,0.0,3.0,0.0,0.0,0.0,1.0,5.0,7.0,3.0,30.0,2.0,100.0,2.0,1.0,0.0,,,,,,,,,
24-25-prem-tottenham-hotspur-vs-west-ham-united,/matches/tottenham-hotspur-vs-west-ham-united/2ghkm2#4506401,508,90.0,0.0,0.0,0.0,0.0,0.0,0.0,0.0,0.0,0.0,0.0,40.0,30.0,91.0,0.0,0.0,0.0,,4.0,80.0,0.0,0.0,0.0,0.0,2.0,0.0,1.0,0.0,0.0,0.0,0.0,0.0,,0.0,,0.0,0.0,,2.0,1.0,0.87,0.13,0.0,1.0,4.0,30.0,
24-25-prem-tottenham-hotspur-vs-west-ham-united,/matches/tottenham-hotspur-vs-west-ham-united/2ghkm2#4506401,82,81.0,0.0,0.0,1.0,0.08,0.03,0.0,0.0,2.0,0.0,2.0,28.0,9.0,82.0,1.0,2.0,0.0,,0.0,,1.0,50.0,2.0,0.0,2.0,0.0,1.0,1.0,0.0,5.0,10.0,4.0,31.0,1.0,50.0,0.0,2.0,29.0,,,,,,,,,
24-25-prem-tottenham-hotspur-vs-west-ham-united,/matches/tottenham-hotspur-vs-west-ham-united/2ghkm2#4506401,525,86.0,1.0,0.0,7.0,0.7,0.04,0.87,4.0,5.0,1.0,4.0,57.0,26.0,93.0,0.0,4.0,1.0,50.0,3.0,100.0,2.0,100.0,2.0,0.0,4.0,0.0,0.0,0.0,0.0,9.0,11.0,9.0,45.0,0.0,0.0,2.0,1.0,42.0,,,,,,,,,
24-25-prem-tottenham-hotspur-vs-west-ham-united,/matches/tottenham-hotspur-vs-west-ham-united/2ghkm2#4506401,514,90.0,0.0,0.0,1.0,0.01,0.06,0.0,0.0,2.0,0.0,5.0,52.0,21.0,70.0,1.0,3.0,1.0,25.0,0.0,0.0,3.0,75.0,4.0,0.0,6.0,0.0,0.0,0.0,1.0,6.0,7.0,6.0,46.0,0.0,0.0,0.0,1.0,40.0,,,,,,,,,
24-25-prem-tottenham-hotspur-vs-west-ham-united,/matches/tottenham-hotspur-vs-west-ham-united/2ghkm2#4506401,512,61.0,0.0,0.0,0.0,0.0,0.0,0.0,0.0,2.0,0.0,1.0,16.0,6.0,86.0,0.0,2.0,0.0,,0.0,,0.0,0.0,0.0,0.0,1.0,0.0,0.0,0.0,0.0,4.0,3.0,3.0,60.0,1.0,50.0,1.0,0.0,50.0,,,,,,,,,
24-25-prem-tottenham-hotspur-vs-west-ham-united,/matches/tottenham-hotspur-vs-west-ham-united/2ghkm2#4506401,511,29.0,0.0,0.0,1.0,0.04,0.01,0.0,0.0,1.0,0.0,1.0,22.0,12.0,80.0,0.0,2.0,0.0,,1.0,50.0,0.0,0.0,0.0,1.0,1.0,0.0,0.0,0.0,0.0,3.0,3.0,2.0,40.0,1.0,100.0,1.0,1.0,33.0,,,,,,,,,
24-25-prem-tottenham-hotspur-vs-west-ham-united,/matches/tottenham-hotspur-vs-west-ham-united/2ghkm2#4506401,524,90.0,0.0,0.0,0.0,0.0,0.0,0.0,0.0,1.0,0.0,0.0,45.0,27.0,96.0,1.0,1.0,0.0,,4.0,80.0,3.0,75.0,4.0,1.0,4.0,1.0,6.0,3.0,0.0,6.0,1.0,6.0,100.0,0.0,0.0,1.0,0.0,100.0,,,,,,,,,
24-25-prem-tottenham-hotspur-vs-west-ham-united,/matches/tottenham-hotspur-vs-west-ham-united/2ghkm2#4506401,528,20.0,0.0,0.0,0.0,0.0,0.0,0.0,0.0,0.0,0.0,0.0,14.0,12.0,92.0,0.0,0.0,0.0,,1.0,100.0,0.0,0.0,0.0,0.0,2.0,0.0,0.0,0.0,0.0,0.0,1.0,0.0,0.0,0.0,0.0,0.0,1.0,,,,,,,,,,
24-25-prem-tottenham-hotspur-vs-west-ham-united,/matches/tottenham-hotspur-vs-west-ham-united/2ghkm2#4506401,520,90.0,0.0,0.0,1.0,0.01,0.67,0.0,0.0,0.0,0.0,3.0,64.0,31.0,84.0,2.0,3.0,1.0,25.0,1.0,100.0,5.0,83.0,6.0,1.0,5.0,1.0,0.0,0.0,0.0,7.0,4.0,7.0,78.0,0.0,0.0,1.0,2.0,,,,,,,,,,
24-25-prem-tottenham-hotspur-vs-west-ham-united,/matches/tottenham-hotspur-vs-west-ham-united/2ghkm2#4506401,530,61.0,0.0,0.0,0.0,0.0,0.02,0.0,0.0,0.0,0.0,1.0,29.0,18.0,82.0,0.0,1.0,0.0,,2.0,100.0,1.0,50.0,2.0,1.0,0.0,1.0,3.0,2.0,1.0,3.0,6.0,2.0,33.0,1.0,33.0,0.0,3.0,,,,,,,,,,
24-25-prem-tottenham-hotspur-vs-west-ham-united,/matches/tottenham-hotspur-vs-west-ham-united/2ghkm2#4506401,509,20.0,0.0,0.0,1.0,0.04,0.0,0.03,1.0,0.0,0.0,1.0,11.0,1.0,25.0,0.0,0.0,0.0,,0.0,,0.0,0.0,0.0,0.0,1.0,0.0,0.0,0.0,2.0,0.0,3.0,0.0,0.0,0.0,0.0,0.0,0.0,,,,,,,,,,
24-25-prem-tottenham-hotspur-vs-west-ham-united,/matches/tottenham-hotspur-vs-west-ham-united/2ghkm2#4506401,654,29.0,0.0,0.0,0.0,0.0,0.01,0.0,0.0,0.0,0.0,1.0,15.0,9.0,75.0,1.0,1.0,0.0,,2.0,100.0,0.0,0.0,0.0,0.0,1.0,0.0,1.0,0.0,1.0,1.0,5.0,1.0,17.0,0.0,0.0,1.0,3.0,,,,,,,,,,
24-25-prem-tottenham-hotspur-vs-west-ham-united,/matches/tottenham-hotspur-vs-west-ham-united/2ghkm2#4506401,587,29.0,0.0,0.0,0.0,0.0,0.02,0.0,0.0,0.0,0.0,2.0,11.0,5.0,83.0,0.0,0.0,0.0,,0.0,,1.0,100.0,1.0,0.0,0.0,0.0,0.0,0.0,0.0,1.0,2.0,1.0,33.0,0.0,0.0,0.0,0.0,0.0,,,,,,,,,
24-25-prem-tottenham-hotspur-vs-west-ham-united,/matches/tottenham-hotspur-vs-west-ham-united/2ghkm2#4506401,527,61.0,0.0,0.0,0.0,0.0,0.03,0.0,0.0,0.0,0.0,0.0,30.0,14.0,74.0,1.0,1.0,0.0,,2.0,100.0,1.0,100.0,1.0,0.0,2.0,1.0,1.0,1.0,1.0,3.0,9.0,2.0,25.0,1.0,25.0,1.0,2.0,,,,,,,,,,
24-25-prem-tottenham-hotspur-vs-west-ham-united,/matches/tottenham-hotspur-vs-west-ham-united/2ghkm2#4506401,591,90.0,0.0,0.0,0.0,0.0,0.01,0.0,0.0,0.0,0.0,1.0,50.0,33.0,92.0,1.0,1.0,0.0,,3.0,50.0,0.0,0.0,3.0,2.0,2.0,1.0,5.0,3.0,1.0,5.0,1.0,4.0,80.0,1.0,100.0,1.0,0.0,,,,,,,,,,
24-25-prem-tottenham-hotspur-vs-west-ham-united,/matches/tottenham-hotspur-vs-west-ham-united/2ghkm2#4506401,588,70.0,0.0,0.0,0.0,0.0,0.0,0.0,0.0,0.0,0.0,0.0,45.0,22.0,73.0,0.0,3.0,0.0,,6.0,75.0,4.0,80.0,5.0,1.0,1.0,1.0,3.0,2.0,1.0,5.0,2.0,5.0,71.0,0.0,0.0,0.0,1.0,,,,,,,,,,
24-25-prem-tottenham-hotspur-vs-west-ham-united,/matches/tottenham-hotspur-vs-west-ham-united/2ghkm2#4506401,513,90.0,0.0,0.0,0.0,0.0,0.0,0.0,0.0,0.0,0.0,0.0,50.0,20.0,56.0,0.0,5.0,0.0,,12.0,43.0,0.0,0.0,0.0,0.0,7.0,0.0,2.0,0.0,0.0,0.0,0.0,0.0,,0.0,,0.0,0.0,,4.0,4.0,0.76,2.24,2.0,2.0,12.0,20.0,
24-25-prem-tottenham-hotspur-vs-west-ham-united,/matches/tottenham-hotspur-vs-west-ham-united/2ghkm2#4506401,480,9.0,0.0,0.0,0.0,0.0,0.01,0.0,0.0,0.0,0.0,0.0,13.0,12.0,100.0,0.0,3.0,0.0,,0.0,,0.0,0.0,1.0,0.0,0.0,0.0,0.0,0.0,0.0,1.0,0.0,1.0,100.0,0.0,0.0,0.0,0.0,,,,,,,,,,
24-25-prem-tottenham-hotspur-vs-west-ham-united,/matches/tottenham-hotspur-vs-west-ham-united/2ghkm2#4506401,497,9.0,0.0,0.0,0.0,0.0,0.0,0.0,0.0,0.0,0.0,0.0,5.0,2.0,50.0,0.0,2.0,0.0,,0.0,,0.0,0.0,0.0,0.0,2.0,0.0,0.0,0.0,0.0,1.0,0.0,1.0,100.0,0.0,0.0,1.0,0.0,,,,,,,,,,
24-25-prem-tottenham-hotspur-vs-west-ham-united,/matches/tottenham-hotspur-vs-west-ham-united/2ghkm2#4506401,489,2.0,0.0,0.0,0.0,0.0,0.0,0.0,0.0,1.0,0.0,0.0,17.0,10.0,83.0,0.0,0.0,0.0,,1.0,100.0,0.0,0.0,0.0,0.0,2.0,0.0,0.0,0.0,0.0,1.0,1.0,1.0,50.0,0.0,0.0,0.0,0.0,50.0,,,,,,,,,
24-25-prem-wolverhampton-wanderers-vs-manchester-city,/matches/manchester-city-vs-wolverhampton-wanderers/2emo8d#4506402,350,90.0,1.0,0.0,1.0,0.02,0.15,0.12,1.0,0.0,0.0,6.0,133.0,111.0,93.0,3.0,14.0,0.0,0.0,0.0,,1.0,100.0,1.0,0.0,3.0,0.0,0.0,0.0,0.0,2.0,2.0,1.0,100.0,1.0,33.0,0.0,0.0,,,,,,,,,,
24-25-prem-wolverhampton-wanderers-vs-manchester-city,/matches/manchester-city-vs-wolverhampton-wanderers/2emo8d#4506402,362,90.0,1.0,0.0,1.0,0.26,0.06,0.4,1.0,0.0,0.0,2.0,98.0,79.0,86.0,0.0,10.0,0.0,,2.0,67.0,0.0,0.0,1.0,0.0,4.0,0.0,1.0,0.0,0.0,8.0,3.0,2.0,100.0,6.0,67.0,1.0,0.0,,,,,,,,,,
24-25-prem-wolverhampton-wanderers-vs-manchester-city,/matches/manchester-city-vs-wolverhampton-wanderers/2emo8d#4506402,346,66.0,0.0,1.0,3.0,0.11,0.21,0.0,0.0,6.0,0.0,19.0,76.0,39.0,81.0,2.0,0.0,0.0,0.0,0.0,,2.0,67.0,3.0,0.0,3.0,0.0,0.0,0.0,0.0,10.0,5.0,10.0,67.0,0.0,0.0,1.0,1.0,86.0,,,,,,,,,
24-25-prem-wolverhampton-wanderers-vs-manchester-city,/matches/manchester-city-vs-wolverhampton-wanderers/2emo8d#4506402,361,90.0,0.0,0.0,2.0,0.06,0.13,0.12,1.0,0.0,0.0,3.0,129.0,112.0,92.0,0.0,19.0,0.0,,0.0,,0.0,0.0,0.0,1.0,6.0,0.0,1.0,1.0,0.0,3.0,0.0,0.0,,3.0,100.0,0.0,0.0,,,,,,,,,,
24-25-prem-wolverhampton-wanderers-vs-manchester-city,/matches/manchester-city-vs-wolverhampton-wanderers/2emo8d#4506402,355,90.0,0.0,0.0,0.0,0.0,0.12,0.0,0.0,0.0,0.0,5.0,72.0,51.0,93.0,1.0,7.0,0.0,,4.0,67.0,2.0,100.0,2.0,2.0,7.0,0.0,1.0,1.0,0.0,2.0,1.0,2.0,67.0,0.0,0.0,0.0,0.0,0.0,,,,,,,,,
24-25-prem-wolverhampton-wanderers-vs-manchester-city,/matches/manchester-city-vs-wolverhampton-wanderers/2emo8d#4506402,571,73.0,0.0,0.0,4.0,0.27,0.9,0.21,1.0,2.0,0.0,4.0,91.0,49.0,89.0,3.0,0.0,3.0,23.0,1.0,100.0,2.0,67.0,3.0,0.0,5.0,0.0,0.0,0.0,0.0,7.0,8.0,7.0,47.0,0.0,0.0,2.0,1.0,29.0,,,,,,,,,
24-25-prem-wolverhampton-wanderers-vs-manchester-city,/matches/manchester-city-vs-wolverhampton-wanderers/2emo8d#4506402,354,86.0,0.0,0.0,1.0,0.03,0.13,0.0,0.0,1.0,0.0,1.0,82.0,64.0,90.0,1.0,4.0,0.0,,0.0,0.0,0.0,0.0,1.0,0.0,4.0,0.0,0.0,0.0,1.0,5.0,4.0,4.0,50.0,1.0,100.0,2.0,0.0,33.0,,,,,,,,,
24-25-prem-wolverhampton-wanderers-vs-manchester-city,/matches/manchester-city-vs-wolverhampton-wanderers/2emo8d#4506402,559,90.0,0.0,1.0,1.0,0.39,0.09,0.38,1.0,0.0,1.0,1.0,37.0,12.0,67.0,1.0,0.0,1.0,100.0,1.0,17.0,2.0,100.0,2.0,0.0,5.0,0.0,2.0,1.0,1.0,2.0,3.0,2.0,40.0,0.0,0.0,0.0,1.0,0.0,,,,,,,,,
24-25-prem-wolverhampton-wanderers-vs-manchester-city,/matches/manchester-city-vs-wolverhampton-wanderers/2emo8d#4506402,625,90.0,0.0,0.0,3.0,0.41,0.15,0.12,1.0,0.0,0.0,12.0,96.0,63.0,89.0,3.0,6.0,1.0,9.0,2.0,67.0,0.0,0.0,0.0,0.0,6.0,0.0,0.0,0.0,2.0,3.0,8.0,1.0,14.0,2.0,50.0,1.0,1.0,,,,,,,,,,
24-25-prem-wolverhampton-wanderers-vs-manchester-city,/matches/manchester-city-vs-wolverhampton-wanderers/2emo8d#4506402,566,80.0,1.0,0.0,1.0,0.54,0.0,0.95,1.0,0.0,0.0,1.0,19.0,4.0,50.0,0.0,0.0,0.0,,0.0,0.0,0.0,0.0,0.0,0.0,2.0,0.0,3.0,3.0,2.0,2.0,8.0,0.0,0.0,2.0,29.0,0.0,1.0,,,,,,,,,,
24-25-prem-wolverhampton-wanderers-vs-manchester-city,/matches/manchester-city-vs-wolverhampton-wanderers/2emo8d#4506402,347,90.0,0.0,0.0,0.0,0.0,0.0,0.0,0.0,0.0,0.0,0.0,17.0,12.0,100.0,0.0,0.0,0.0,,0.0,0.0,0.0,0.0,0.0,0.0,5.0,0.0,1.0,0.0,0.0,0.0,0.0,0.0,,0.0,,0.0,0.0,,1.0,1.0,1.32,0.32,1.0,0.0,0.0,12.0,
24-25-prem-wolverhampton-wanderers-vs-manchester-city,/matches/manchester-city-vs-wolverhampton-wanderers/2emo8d#4506402,349,17.0,0.0,0.0,1.0,0.04,0.18,0.22,1.0,0.0,0.0,10.0,27.0,18.0,95.0,3.0,1.0,1.0,17.0,1.0,100.0,0.0,0.0,0.0,0.0,1.0,0.0,0.0,0.0,0.0,1.0,0.0,1.0,100.0,0.0,0.0,1.0,0.0,,,,,,,,,,
24-25-prem-wolverhampton-wanderers-vs-manchester-city,/matches/manchester-city-vs-wolverhampton-wanderers/2emo8d#4506402,533,90.0,0.0,0.0,0.0,0.0,0.0,0.0,0.0,1.0,0.0,0.0,38.0,14.0,64.0,1.0,1.0,0.0,0.0,0.0,0.0,2.0,40.0,5.0,0.0,4.0,2.0,3.0,1.0,2.0,7.0,3.0,6.0,67.0,1.0,100.0,0.0,0.0,50.0,,,,,,,,,
24-25-prem-wolverhampton-wanderers-vs-manchester-city,/matches/manchester-city-vs-wolverhampton-wanderers/2emo8d#4506402,553,89.0,0.0,0.0,0.0,0.0,0.0,0.0,0.0,1.0,0.0,1.0,37.0,10.0,63.0,0.0,3.0,0.0,0.0,0.0,0.0,4.0,67.0,6.0,1.0,6.0,0.0,2.0,1.0,2.0,9.0,8.0,8.0,53.0,1.0,50.0,1.0,3.0,100.0,,,,,,,,,
24-25-prem-wolverhampton-wanderers-vs-manchester-city,/matches/manchester-city-vs-wolverhampton-wanderers/2emo8d#4506402,348,24.0,0.0,1.0,1.0,0.03,0.27,0.0,0.0,0.0,0.0,3.0,18.0,11.0,79.0,1.0,1.0,2.0,100.0,1.0,100.0,0.0,0.0,0.0,0.0,0.0,0.0,0.0,0.0,0.0,0.0,1.0,0.0,0.0,0.0,0.0,0.0,0.0,,,,,,,,,,
24-25-prem-wolverhampton-wanderers-vs-manchester-city,/matches/manchester-city-vs-wolverhampton-wanderers/2emo8d#4506402,342,90.0,0.0,0.0,4.0,0.35,0.17,0.62,1.0,1.0,0.0,15.0,61.0,40.0,93.0,1.0,2.0,0.0,0.0,1.0,100.0,2.0,100.0,2.0,0.0,2.0,0.0,0.0,0.0,1.0,3.0,8.0,3.0,27.0,0.0,0.0,0.0,2.0,33.0,,,,,,,,,
24-25-prem-wolverhampton-wanderers-vs-manchester-city,/matches/manchester-city-vs-wolverhampton-wanderers/2emo8d#4506402,554,90.0,0.0,0.0,0.0,0.0,0.0,0.0,0.0,0.0,0.0,0.0,49.0,8.0,22.0,0.0,16.0,0.0,,7.0,20.0,0.0,0.0,0.0,0.0,14.0,0.0,0.0,0.0,0.0,1.0,0.0,1.0,100.0,0.0,,1.0,0.0,,5.0,2.0,1.81,0.19,0.0,2.0,7.0,8.0,
24-25-prem-wolverhampton-wanderers-vs-manchester-city,/matches/manchester-city-vs-wolverhampton-wanderers/2emo8d#4506402,557,90.0,0.0,0.0,0.0,0.0,0.0,0.0,0.0,0.0,0.0,0.0,33.0,16.0,84.0,0.0,3.0,0.0,,4.0,100.0,0.0,0.0,2.0,2.0,3.0,0.0,7.0,1.0,0.0,3.0,3.0,2.0,40.0,1.0,100.0,0.0,2.0,0.0,,,,,,,,,
24-25-prem-wolverhampton-wanderers-vs-manchester-city,/matches/manchester-city-vs-wolverhampton-wanderers/2emo8d#4506402,544,45.0,0.0,0.0,0.0,0.0,0.0,0.0,0.0,0.0,0.0,0.0,16.0,8.0,89.0,0.0,1.0,0.0,,1.0,100.0,1.0,100.0,1.0,1.0,1.0,1.0,1.0,1.0,1.0,2.0,1.0,1.0,50.0,1.0,100.0,0.0,0.0,,,,,,,,,,
24-25-prem-wolverhampton-wanderers-vs-manchester-city,/matches/manchester-city-vs-wolverhampton-wanderers/2emo8d#4506402,541,67.0,0.0,0.0,1.0,0.04,0.19,0.0,0.0,2.0,0.0,0.0,27.0,10.0,91.0,1.0,2.0,1.0,100.0,1.0,100.0,1.0,50.0,2.0,0.0,3.0,0.0,0.0,0.0,1.0,6.0,7.0,5.0,50.0,1.0,33.0,1.0,0.0,67.0,,,,,,,,,
24-25-prem-wolverhampton-wanderers-vs-manchester-city,/matches/manchester-city-vs-wolverhampton-wanderers/2emo8d#4506402,542,90.0,0.0,0.0,0.0,0.0,0.0,0.0,0.0,0.0,0.0,0.0,33.0,19.0,95.0,0.0,2.0,0.0,,2.0,67.0,0.0,0.0,1.0,2.0,1.0,0.0,9.0,4.0,0.0,2.0,2.0,1.0,100.0,1.0,33.0,0.0,0.0,,,,,,,,,,
24-25-prem-wolverhampton-wanderers-vs-manchester-city,/matches/manchester-city-vs-wolverhampton-wanderers/2emo8d#4506402,351,90.0,0.0,0.0,0.0,0.0,0.02,0.0,0.0,0.0,0.0,4.0,13.0,6.0,75.0,1.0,1.0,0.0,,0.0,,0.0,0.0,0.0,0.0,0.0,0.0,0.0,0.0,0.0,0.0,6.0,0.0,0.0,0.0,0.0,0.0,0.0,0.0,,,,,,,,,
24-25-prem-wolverhampton-wanderers-vs-manchester-city,/matches/manchester-city-vs-wolverhampton-wanderers/2emo8d#4506402,564,90.0,0.0,0.0,0.0,0.0,0.0,0.0,0.0,0.0,0.0,0.0,29.0,14.0,70.0,0.0,0.0,0.0,,1.0,20.0,1.0,100.0,1.0,0.0,2.0,2.0,6.0,4.0,1.0,4.0,3.0,1.0,50.0,3.0,60.0,0.0,0.0,,,,,,,,,,
24-25-prem-wolverhampton-wanderers-vs-manchester-city,/matches/manchester-city-vs-wolverhampton-wanderers/2emo8d#4506402,642,45.0,0.0,0.0,0.0,0.0,0.0,0.0,0.0,0.0,0.0,0.0,24.0,6.0,100.0,0.0,0.0,0.0,,0.0,,1.0,50.0,2.0,0.0,3.0,1.0,4.0,1.0,0.0,2.0,2.0,2.0,50.0,0.0,0.0,0.0,0.0,,,,,,,,,,
24-25-prem-wolverhampton-wanderers-vs-manchester-city,/matches/manchester-city-vs-wolverhampton-wanderers/2emo8d#4506402,567,90.0,0.0,0.0,0.0,0.0,0.0,0.0,0.0,0.0,0.0,0.0,39.0,14.0,70.0,0.0,1.0,0.0,,1.0,25.0,1.0,33.0,3.0,0.0,1.0,0.0,6.0,3.0,0.0,6.0,2.0,4.0,67.0,2.0,100.0,1.0,1.0,,,,,,,,,,
24-25-prem-wolverhampton-wanderers-vs-manchester-city,/matches/manchester-city-vs-wolverhampton-wanderers/2emo8d#4506402,655,23.0,0.0,0.0,0.0,0.0,0.0,0.0,0.0,0.0,0.0,1.0,9.0,4.0,67.0,0.0,0.0,0.0,,0.0,,0.0,0.0,1.0,0.0,0.0,0.0,0.0,0.0,0.0,1.0,0.0,1.0,100.0,0.0,0.0,0.0,0.0,,,,,,,,,,
24-25-prem-wolverhampton-wanderers-vs-manchester-city,/matches/manchester-city-vs-wolverhampton-wanderers/2emo8d#4506402,548,10.0,0.0,0.0,0.0,0.0,0.0,0.0,0.0,0.0,0.0,0.0,7.0,4.0,80.0,0.0,1.0,0.0,,2.0,100.0,0.0,0.0,0.0,0.0,0.0,0.0,0.0,0.0,0.0,1.0,3.0,0.0,0.0,1.0,50.0,0.0,0.0,,,,,,,,,,
24-25-prem-wolverhampton-wanderers-vs-manchester-city,/matches/manchester-city-vs-wolverhampton-wanderers/2emo8d#4506402,535,1.0,0.0,0.0,0.0,0.0,0.0,0.0,0.0,0.0,0.0,0.0,2.0,0.0,0.0,0.0,0.0,0.0,,0.0,,0.0,0.0,0.0,0.0,0.0,1.0,1.0,1.0,0.0,0.0,0.0,0.0,,0.0,0.0,0.0,0.0,,,,,,,,,,
24-25-prem-wolverhampton-wanderers-vs-manchester-city,/matches/manchester-city-vs-wolverhampton-wanderers/2emo8d#4506402,356,4.0,0.0,0.0,1.0,0.04,0.0,0.0,0.0,0.0,0.0,1.0,6.0,2.0,100.0,0.0,0.0,0.0,,0.0,,1.0,100.0,1.0,0.0,0.0,0.0,1.0,1.0,0.0,1.0,2.0,1.0,100.0,0.0,0.0,0.0,0.0,,,,,,,,,,
